[0m22:08:44.240914 [debug] [MainThread]: Sending event: {'category': 'dbt', 'action': 'invocation', 'label': 'start', 'context': [<snowplow_tracker.self_describing_json.SelfDescribingJson object at 0x00000272D88E7740>, <snowplow_tracker.self_describing_json.SelfDescribingJson object at 0x00000272DB2535C0>, <snowplow_tracker.self_describing_json.SelfDescribingJson object at 0x00000272DB2539E0>]}


============================== 22:08:44.251384 | 2efd2615-56dc-4b6a-b3a5-8f1ff5fe7992 ==============================
[0m22:08:44.251384 [info ] [MainThread]: Running with dbt=1.8.3
[0m22:08:44.253434 [debug] [MainThread]: running dbt with arguments {'printer_width': '80', 'indirect_selection': 'eager', 'write_json': 'True', 'log_cache_events': 'False', 'partial_parse': 'True', 'cache_selected_only': 'False', 'warn_error': 'None', 'fail_fast': 'False', 'version_check': 'True', 'log_path': 'F:\\ecb-fx-risk-monitor\\dbt\\logs', 'profiles_dir': 'dbt', 'debug': 'False', 'use_colors': 'True', 'use_experimental_parser': 'False', 'no_print': 'None', 'quiet': 'False', 'empty': 'None', 'warn_error_options': 'WarnErrorOptions(include=[], exclude=[])', 'introspect': 'True', 'invocation_command': 'dbt deps', 'log_format': 'default', 'target_path': 'None', 'static_parser': 'True', 'send_anonymous_usage_stats': 'True'}
[0m22:08:44.614636 [debug] [MainThread]: Sending event: {'category': 'dbt', 'action': 'project_id', 'label': '2efd2615-56dc-4b6a-b3a5-8f1ff5fe7992', 'context': [<snowplow_tracker.self_describing_json.SelfDescribingJson object at 0x00000272D8E497F0>]}
[0m22:08:44.682793 [debug] [MainThread]: Set downloads directory='C:\Users\sahao\AppData\Local\Temp\dbt-downloads-2hh6mj16'
[0m22:08:44.684790 [debug] [MainThread]: Making package index registry request: GET https://hub.getdbt.com/api/v1/index.json
[0m22:08:45.688888 [debug] [MainThread]: Response from registry index: GET https://hub.getdbt.com/api/v1/index.json 200
[0m22:08:45.692916 [debug] [MainThread]: Making package registry request: GET https://hub.getdbt.com/api/v1/dbt-labs/dbt_utils.json
[0m22:08:46.637868 [debug] [MainThread]: Response from registry: GET https://hub.getdbt.com/api/v1/dbt-labs/dbt_utils.json 200
[0m22:08:46.664317 [info ] [MainThread]: Updating lock file in file path: F:\ecb-fx-risk-monitor\dbt/package-lock.yml
[0m22:08:46.678808 [debug] [MainThread]: Set downloads directory='C:\Users\sahao\AppData\Local\Temp\dbt-downloads-2gnlyj15'
[0m22:08:46.694303 [info ] [MainThread]: Installing dbt-labs/dbt_utils
[0m22:08:48.283465 [info ] [MainThread]: Installed from version 1.3.0
[0m22:08:48.283465 [info ] [MainThread]: Updated version available: 1.3.3
[0m22:08:48.283465 [debug] [MainThread]: Sending event: {'category': 'dbt', 'action': 'package', 'label': '2efd2615-56dc-4b6a-b3a5-8f1ff5fe7992', 'property_': 'install', 'context': [<snowplow_tracker.self_describing_json.SelfDescribingJson object at 0x00000272DCAD4E90>, <snowplow_tracker.self_describing_json.SelfDescribingJson object at 0x00000272DA9B0CB0>]}
[0m22:08:48.283465 [info ] [MainThread]: 
[0m22:08:48.283465 [info ] [MainThread]: Updates available for packages: ['dbt-labs/dbt_utils']                 
Update your versions in packages.yml, then run dbt deps
[0m22:08:48.298928 [debug] [MainThread]: Command `dbt deps` succeeded at 22:08:48.298928 after 4.41 seconds
[0m22:08:48.298928 [debug] [MainThread]: Sending event: {'category': 'dbt', 'action': 'invocation', 'label': 'end', 'context': [<snowplow_tracker.self_describing_json.SelfDescribingJson object at 0x00000272DB1E8500>, <snowplow_tracker.self_describing_json.SelfDescribingJson object at 0x00000272DB2184A0>, <snowplow_tracker.self_describing_json.SelfDescribingJson object at 0x00000272DCA518E0>]}
[0m22:08:48.298928 [debug] [MainThread]: Flushing usage events
[0m22:08:57.816080 [debug] [MainThread]: Sending event: {'category': 'dbt', 'action': 'invocation', 'label': 'start', 'context': [<snowplow_tracker.self_describing_json.SelfDescribingJson object at 0x0000023BE9F2E570>, <snowplow_tracker.self_describing_json.SelfDescribingJson object at 0x0000023BE9F2C290>, <snowplow_tracker.self_describing_json.SelfDescribingJson object at 0x0000023BE9F2C590>]}


============================== 22:08:57.820457 | f64c3d45-8ee7-44af-8704-b1e975dad11e ==============================
[0m22:08:57.820457 [info ] [MainThread]: Running with dbt=1.8.3
[0m22:08:57.820457 [debug] [MainThread]: running dbt with arguments {'printer_width': '80', 'indirect_selection': 'eager', 'log_cache_events': 'False', 'write_json': 'True', 'partial_parse': 'True', 'cache_selected_only': 'False', 'profiles_dir': 'dbt', 'version_check': 'True', 'debug': 'False', 'log_path': 'F:\\ecb-fx-risk-monitor\\dbt\\logs', 'fail_fast': 'False', 'warn_error': 'None', 'use_colors': 'True', 'use_experimental_parser': 'False', 'empty': 'None', 'quiet': 'False', 'no_print': 'None', 'log_format': 'default', 'introspect': 'True', 'invocation_command': 'dbt debug', 'static_parser': 'True', 'target_path': 'None', 'warn_error_options': 'WarnErrorOptions(include=[], exclude=[])', 'send_anonymous_usage_stats': 'True'}
[0m22:08:57.866734 [info ] [MainThread]: dbt version: 1.8.3
[0m22:08:57.874363 [info ] [MainThread]: python version: 3.12.2
[0m22:08:57.874363 [info ] [MainThread]: python path: F:\ecb-fx-risk-monitor\.venv\Scripts\python.exe
[0m22:08:57.874363 [info ] [MainThread]: os info: Windows-11-10.0.26200-SP0
[0m22:08:57.874363 [info ] [MainThread]: Using profiles dir at dbt
[0m22:08:57.874363 [info ] [MainThread]: Using profiles.yml file at dbt\profiles.yml
[0m22:08:57.874363 [info ] [MainThread]: Using dbt_project.yml file at F:\ecb-fx-risk-monitor\dbt\dbt_project.yml
[0m22:08:58.060333 [info ] [MainThread]: Configuration:
[0m22:08:58.062332 [info ] [MainThread]:   profiles.yml file [[31mERROR not found[0m]
[0m22:08:58.064327 [info ] [MainThread]:   dbt_project.yml file [[32mOK found and valid[0m]
[0m22:08:58.065332 [info ] [MainThread]: Required dependencies:
[0m22:08:58.066330 [debug] [MainThread]: Executing "git --help"
[0m22:08:58.184136 [debug] [MainThread]: STDOUT: "b"usage: git [-v | --version] [-h | --help] [-C <path>] [-c <name>=<value>]\n           [--exec-path[=<path>]] [--html-path] [--man-path] [--info-path]\n           [-p | --paginate | -P | --no-pager] [--no-replace-objects] [--no-lazy-fetch]\n           [--no-optional-locks] [--no-advice] [--bare] [--git-dir=<path>]\n           [--work-tree=<path>] [--namespace=<name>] [--config-env=<name>=<envvar>]\n           <command> [<args>]\n\nThese are common Git commands used in various situations:\n\nstart a working area (see also: git help tutorial)\n   clone      Clone a repository into a new directory\n   init       Create an empty Git repository or reinitialize an existing one\n\nwork on the current change (see also: git help everyday)\n   add        Add file contents to the index\n   mv         Move or rename a file, a directory, or a symlink\n   restore    Restore working tree files\n   rm         Remove files from the working tree and from the index\n\nexamine the history and state (see also: git help revisions)\n   bisect     Use binary search to find the commit that introduced a bug\n   diff       Show changes between commits, commit and working tree, etc\n   grep       Print lines matching a pattern\n   log        Show commit logs\n   show       Show various types of objects\n   status     Show the working tree status\n\ngrow, mark and tweak your common history\n   backfill   Download missing objects in a partial clone\n   branch     List, create, or delete branches\n   commit     Record changes to the repository\n   merge      Join two or more development histories together\n   rebase     Reapply commits on top of another base tip\n   reset      Reset current HEAD to the specified state\n   switch     Switch branches\n   tag        Create, list, delete or verify a tag object signed with GPG\n\ncollaborate (see also: git help workflows)\n   fetch      Download objects and refs from another repository\n   pull       Fetch from and integrate with another repository or a local branch\n   push       Update remote refs along with associated objects\n\n'git help -a' and 'git help -g' list available subcommands and some\nconcept guides. See 'git help <command>' or 'git help <concept>'\nto read about a specific subcommand or concept.\nSee 'git help git' for an overview of the system.\n""
[0m22:08:58.184136 [debug] [MainThread]: STDERR: "b''"
[0m22:08:58.184136 [info ] [MainThread]:  - git [[32mOK found[0m]

[0m22:08:58.184136 [info ] [MainThread]: Connection test skipped since no profile was found
[0m22:08:58.184136 [info ] [MainThread]: [31m1 check failed:[0m
[0m22:08:58.184136 [info ] [MainThread]: dbt looked for a profiles.yml file in dbt\profiles.yml, but did
not find one. For more information on configuring your profile, consult the
documentation:

https://docs.getdbt.com/docs/configure-your-profile


[0m22:08:58.184136 [debug] [MainThread]: Command `dbt debug` failed at 22:08:58.184136 after 0.65 seconds
[0m22:08:58.193021 [debug] [MainThread]: Sending event: {'category': 'dbt', 'action': 'invocation', 'label': 'end', 'context': [<snowplow_tracker.self_describing_json.SelfDescribingJson object at 0x0000023BE9B7BBC0>, <snowplow_tracker.self_describing_json.SelfDescribingJson object at 0x0000023BE9B791C0>, <snowplow_tracker.self_describing_json.SelfDescribingJson object at 0x0000023BE97EA5A0>]}
[0m22:08:58.193021 [debug] [MainThread]: Flushing usage events
[0m22:11:15.476809 [debug] [MainThread]: Sending event: {'category': 'dbt', 'action': 'invocation', 'label': 'start', 'context': [<snowplow_tracker.self_describing_json.SelfDescribingJson object at 0x0000016ECD7EE960>, <snowplow_tracker.self_describing_json.SelfDescribingJson object at 0x0000016ECDC051C0>, <snowplow_tracker.self_describing_json.SelfDescribingJson object at 0x0000016ECDD80440>]}


============================== 22:11:15.492196 | 510b212f-27f9-44bb-bad5-f556d2a229c3 ==============================
[0m22:11:15.492196 [info ] [MainThread]: Running with dbt=1.8.3
[0m22:11:15.492196 [debug] [MainThread]: running dbt with arguments {'printer_width': '80', 'indirect_selection': 'eager', 'write_json': 'True', 'log_cache_events': 'False', 'partial_parse': 'True', 'cache_selected_only': 'False', 'warn_error': 'None', 'fail_fast': 'False', 'profiles_dir': '.', 'log_path': 'F:\\ecb-fx-risk-monitor\\dbt\\logs', 'debug': 'False', 'version_check': 'True', 'use_colors': 'True', 'use_experimental_parser': 'False', 'no_print': 'None', 'quiet': 'False', 'empty': 'None', 'warn_error_options': 'WarnErrorOptions(include=[], exclude=[])', 'introspect': 'True', 'static_parser': 'True', 'invocation_command': 'dbt debug', 'target_path': 'None', 'log_format': 'default', 'send_anonymous_usage_stats': 'True'}
[0m22:11:15.544823 [info ] [MainThread]: dbt version: 1.8.3
[0m22:11:15.545833 [info ] [MainThread]: python version: 3.12.2
[0m22:11:15.546826 [info ] [MainThread]: python path: F:\ecb-fx-risk-monitor\.venv\Scripts\python.exe
[0m22:11:15.547835 [info ] [MainThread]: os info: Windows-11-10.0.26200-SP0
[0m22:11:15.672360 [info ] [MainThread]: Using profiles dir at .
[0m22:11:15.684534 [info ] [MainThread]: Using profiles.yml file at .\profiles.yml
[0m22:11:15.686567 [info ] [MainThread]: Using dbt_project.yml file at F:\ecb-fx-risk-monitor\dbt\dbt_project.yml
[0m22:11:15.687248 [info ] [MainThread]: adapter type: postgres
[0m22:11:15.687248 [info ] [MainThread]: adapter version: 1.8.2
[0m22:11:15.875861 [info ] [MainThread]: Configuration:
[0m22:11:15.877047 [info ] [MainThread]:   profiles.yml file [[32mOK found and valid[0m]
[0m22:11:15.877863 [info ] [MainThread]:   dbt_project.yml file [[32mOK found and valid[0m]
[0m22:11:15.878861 [info ] [MainThread]: Required dependencies:
[0m22:11:15.879861 [debug] [MainThread]: Executing "git --help"
[0m22:11:15.966608 [debug] [MainThread]: STDOUT: "b"usage: git [-v | --version] [-h | --help] [-C <path>] [-c <name>=<value>]\n           [--exec-path[=<path>]] [--html-path] [--man-path] [--info-path]\n           [-p | --paginate | -P | --no-pager] [--no-replace-objects] [--no-lazy-fetch]\n           [--no-optional-locks] [--no-advice] [--bare] [--git-dir=<path>]\n           [--work-tree=<path>] [--namespace=<name>] [--config-env=<name>=<envvar>]\n           <command> [<args>]\n\nThese are common Git commands used in various situations:\n\nstart a working area (see also: git help tutorial)\n   clone      Clone a repository into a new directory\n   init       Create an empty Git repository or reinitialize an existing one\n\nwork on the current change (see also: git help everyday)\n   add        Add file contents to the index\n   mv         Move or rename a file, a directory, or a symlink\n   restore    Restore working tree files\n   rm         Remove files from the working tree and from the index\n\nexamine the history and state (see also: git help revisions)\n   bisect     Use binary search to find the commit that introduced a bug\n   diff       Show changes between commits, commit and working tree, etc\n   grep       Print lines matching a pattern\n   log        Show commit logs\n   show       Show various types of objects\n   status     Show the working tree status\n\ngrow, mark and tweak your common history\n   backfill   Download missing objects in a partial clone\n   branch     List, create, or delete branches\n   commit     Record changes to the repository\n   merge      Join two or more development histories together\n   rebase     Reapply commits on top of another base tip\n   reset      Reset current HEAD to the specified state\n   switch     Switch branches\n   tag        Create, list, delete or verify a tag object signed with GPG\n\ncollaborate (see also: git help workflows)\n   fetch      Download objects and refs from another repository\n   pull       Fetch from and integrate with another repository or a local branch\n   push       Update remote refs along with associated objects\n\n'git help -a' and 'git help -g' list available subcommands and some\nconcept guides. See 'git help <command>' or 'git help <concept>'\nto read about a specific subcommand or concept.\nSee 'git help git' for an overview of the system.\n""
[0m22:11:15.967612 [debug] [MainThread]: STDERR: "b''"
[0m22:11:15.968609 [info ] [MainThread]:  - git [[32mOK found[0m]

[0m22:11:15.969620 [info ] [MainThread]: Connection:
[0m22:11:15.971606 [info ] [MainThread]:   host: localhost
[0m22:11:15.972619 [info ] [MainThread]:   port: 5432
[0m22:11:15.973616 [info ] [MainThread]:   user: ecb
[0m22:11:15.973616 [info ] [MainThread]:   database: ecb_risk
[0m22:11:15.974606 [info ] [MainThread]:   schema: analytics
[0m22:11:15.975616 [info ] [MainThread]:   connect_timeout: 10
[0m22:11:15.976616 [info ] [MainThread]:   role: None
[0m22:11:15.977616 [info ] [MainThread]:   search_path: None
[0m22:11:15.977616 [info ] [MainThread]:   keepalives_idle: 0
[0m22:11:15.978616 [info ] [MainThread]:   sslmode: None
[0m22:11:15.979616 [info ] [MainThread]:   sslcert: None
[0m22:11:15.980617 [info ] [MainThread]:   sslkey: None
[0m22:11:15.981616 [info ] [MainThread]:   sslrootcert: None
[0m22:11:15.981616 [info ] [MainThread]:   application_name: dbt
[0m22:11:15.982616 [info ] [MainThread]:   retries: 1
[0m22:11:15.984605 [info ] [MainThread]: Registered adapter: postgres=1.8.2
[0m22:11:16.530845 [debug] [MainThread]: Acquiring new postgres connection 'debug'
[0m22:11:21.967765 [debug] [MainThread]: Using postgres connection "debug"
[0m22:11:21.967765 [debug] [MainThread]: On debug: select 1 as id
[0m22:11:21.967765 [debug] [MainThread]: Opening a new connection, currently in state init
[0m22:11:22.043241 [debug] [MainThread]: SQL status: SELECT 1 in 0.077 seconds
[0m22:11:22.043241 [debug] [MainThread]: On debug: Close
[0m22:11:22.053496 [info ] [MainThread]:   Connection test: [[32mOK connection ok[0m]

[0m22:11:22.053496 [info ] [MainThread]: [32mAll checks passed![0m
[0m22:11:22.053496 [debug] [MainThread]: Command `dbt debug` succeeded at 22:11:22.053496 after 6.85 seconds
[0m22:11:22.053496 [debug] [MainThread]: Connection 'debug' was properly closed.
[0m22:11:22.053496 [debug] [MainThread]: Sending event: {'category': 'dbt', 'action': 'invocation', 'label': 'end', 'context': [<snowplow_tracker.self_describing_json.SelfDescribingJson object at 0x0000016ECDEDF2C0>, <snowplow_tracker.self_describing_json.SelfDescribingJson object at 0x0000016ECA28E8D0>, <snowplow_tracker.self_describing_json.SelfDescribingJson object at 0x0000016ECF8BB830>]}
[0m22:11:22.053496 [debug] [MainThread]: Flushing usage events
[0m22:12:06.432276 [debug] [MainThread]: Sending event: {'category': 'dbt', 'action': 'invocation', 'label': 'start', 'context': [<snowplow_tracker.self_describing_json.SelfDescribingJson object at 0x000001B4E418C3B0>, <snowplow_tracker.self_describing_json.SelfDescribingJson object at 0x000001B4E77DEC60>, <snowplow_tracker.self_describing_json.SelfDescribingJson object at 0x000001B4E77DE8A0>]}


============================== 22:12:06.441478 | a958fb38-ce8e-4ac6-9176-8bc293652596 ==============================
[0m22:12:06.441478 [info ] [MainThread]: Running with dbt=1.8.3
[0m22:12:06.441478 [debug] [MainThread]: running dbt with arguments {'printer_width': '80', 'indirect_selection': 'eager', 'log_cache_events': 'False', 'write_json': 'True', 'partial_parse': 'True', 'cache_selected_only': 'False', 'warn_error': 'None', 'debug': 'False', 'version_check': 'True', 'log_path': 'F:\\ecb-fx-risk-monitor\\dbt\\logs', 'fail_fast': 'False', 'profiles_dir': '.', 'use_colors': 'True', 'use_experimental_parser': 'False', 'no_print': 'None', 'quiet': 'False', 'empty': 'False', 'warn_error_options': 'WarnErrorOptions(include=[], exclude=[])', 'invocation_command': 'dbt build', 'log_format': 'default', 'static_parser': 'True', 'target_path': 'None', 'introspect': 'True', 'send_anonymous_usage_stats': 'True'}
[0m22:12:06.929621 [debug] [MainThread]: Sending event: {'category': 'dbt', 'action': 'project_id', 'label': 'a958fb38-ce8e-4ac6-9176-8bc293652596', 'context': [<snowplow_tracker.self_describing_json.SelfDescribingJson object at 0x000001B4E77A3B60>]}
[0m22:12:07.040811 [debug] [MainThread]: Sending event: {'category': 'dbt', 'action': 'adapter_info', 'label': 'a958fb38-ce8e-4ac6-9176-8bc293652596', 'context': [<snowplow_tracker.self_describing_json.SelfDescribingJson object at 0x000001B4E95D0B60>]}
[0m22:12:07.040811 [info ] [MainThread]: Registered adapter: postgres=1.8.2
[0m22:12:07.683699 [debug] [MainThread]: checksum: 30bd4080c2bc8dee5936f8f60083ffbe1c906859d0fd965607c2144031479456, vars: {}, profile: , target: , version: 1.8.3
[0m22:12:07.687566 [info ] [MainThread]: Unable to do partial parsing because saved manifest not found. Starting full parse.
[0m22:12:07.688658 [debug] [MainThread]: Sending event: {'category': 'dbt', 'action': 'partial_parser', 'label': 'a958fb38-ce8e-4ac6-9176-8bc293652596', 'context': [<snowplow_tracker.self_describing_json.SelfDescribingJson object at 0x000001B4E80A0230>]}
[0m22:12:12.824317 [warn ] [MainThread]: [[33mWARNING[0m]: Deprecated functionality
The `tests` config has been renamed to `data_tests`. Please see
https://docs.getdbt.com/docs/build/data-tests#new-data_tests-syntax for more
information.
[0m22:12:12.825348 [debug] [MainThread]: Sending event: {'category': 'dbt', 'action': 'deprecation', 'label': 'a958fb38-ce8e-4ac6-9176-8bc293652596', 'property_': 'warn', 'context': [<snowplow_tracker.self_describing_json.SelfDescribingJson object at 0x000001B4E9AA0440>]}
[0m22:12:13.725855 [debug] [MainThread]: Sending event: {'category': 'dbt', 'action': 'load_project', 'label': 'a958fb38-ce8e-4ac6-9176-8bc293652596', 'context': [<snowplow_tracker.self_describing_json.SelfDescribingJson object at 0x000001B4E9AA3620>]}
[0m22:12:14.054279 [debug] [MainThread]: Sending event: {'category': 'dbt', 'action': 'resource_counts', 'label': 'a958fb38-ce8e-4ac6-9176-8bc293652596', 'context': [<snowplow_tracker.self_describing_json.SelfDescribingJson object at 0x000001B4E9AAFCE0>]}
[0m22:12:14.057408 [info ] [MainThread]: Found 8 models, 29 data tests, 1 source, 544 macros
[0m22:12:14.057408 [info ] [MainThread]: 
[0m22:12:14.057408 [debug] [MainThread]: Acquiring new postgres connection 'master'
[0m22:12:14.070585 [debug] [ThreadPool]: Acquiring new postgres connection 'list_ecb_risk'
[0m22:12:14.085638 [debug] [ThreadPool]: Acquiring new postgres connection 'list_ecb_risk'
[0m22:12:14.236913 [debug] [ThreadPool]: Using postgres connection "list_ecb_risk"
[0m22:12:14.236913 [debug] [ThreadPool]: Using postgres connection "list_ecb_risk"
[0m22:12:14.237911 [debug] [ThreadPool]: On list_ecb_risk: /* {"app": "dbt", "dbt_version": "1.8.3", "profile_name": "ecb_risk", "target_name": "dev", "connection_name": "list_ecb_risk"} */

    select distinct nspname from pg_namespace
  
[0m22:12:14.238911 [debug] [ThreadPool]: On list_ecb_risk: /* {"app": "dbt", "dbt_version": "1.8.3", "profile_name": "ecb_risk", "target_name": "dev", "connection_name": "list_ecb_risk"} */

    select distinct nspname from pg_namespace
  
[0m22:12:14.239911 [debug] [ThreadPool]: Opening a new connection, currently in state init
[0m22:12:14.239911 [debug] [ThreadPool]: Opening a new connection, currently in state init
[0m22:12:14.305541 [debug] [ThreadPool]: SQL status: SELECT 7 in 0.071 seconds
[0m22:12:14.305541 [debug] [ThreadPool]: SQL status: SELECT 7 in 0.073 seconds
[0m22:12:14.314225 [debug] [ThreadPool]: On list_ecb_risk: Close
[0m22:12:14.314225 [debug] [ThreadPool]: On list_ecb_risk: Close
[0m22:12:14.314225 [debug] [ThreadPool]: Re-using an available connection from the pool (formerly list_ecb_risk, now create_ecb_risk_analytics_staging)
[0m22:12:14.321422 [debug] [ThreadPool]: Re-using an available connection from the pool (formerly list_ecb_risk, now create_ecb_risk_analytics_marts)
[0m22:12:14.328172 [debug] [ThreadPool]: Creating schema "database: "ecb_risk"
schema: "analytics_staging"
"
[0m22:12:14.328172 [debug] [ThreadPool]: Creating schema "database: "ecb_risk"
schema: "analytics_marts"
"
[0m22:12:14.342445 [debug] [ThreadPool]: Using postgres connection "create_ecb_risk_analytics_staging"
[0m22:12:14.346445 [debug] [ThreadPool]: Using postgres connection "create_ecb_risk_analytics_marts"
[0m22:12:14.347447 [debug] [ThreadPool]: On create_ecb_risk_analytics_staging: BEGIN
[0m22:12:14.347447 [debug] [ThreadPool]: On create_ecb_risk_analytics_marts: BEGIN
[0m22:12:14.348445 [debug] [ThreadPool]: Opening a new connection, currently in state closed
[0m22:12:14.349446 [debug] [ThreadPool]: Opening a new connection, currently in state closed
[0m22:12:14.388150 [debug] [ThreadPool]: SQL status: BEGIN in 0.042 seconds
[0m22:12:14.391475 [debug] [ThreadPool]: Using postgres connection "create_ecb_risk_analytics_staging"
[0m22:12:14.391475 [debug] [ThreadPool]: On create_ecb_risk_analytics_staging: /* {"app": "dbt", "dbt_version": "1.8.3", "profile_name": "ecb_risk", "target_name": "dev", "connection_name": "create_ecb_risk_analytics_staging"} */
create schema if not exists "analytics_staging"
[0m22:12:14.391475 [debug] [ThreadPool]: SQL status: BEGIN in 0.047 seconds
[0m22:12:14.397663 [debug] [ThreadPool]: Using postgres connection "create_ecb_risk_analytics_marts"
[0m22:12:14.397663 [debug] [ThreadPool]: On create_ecb_risk_analytics_marts: /* {"app": "dbt", "dbt_version": "1.8.3", "profile_name": "ecb_risk", "target_name": "dev", "connection_name": "create_ecb_risk_analytics_marts"} */
create schema if not exists "analytics_marts"
[0m22:12:14.397663 [debug] [ThreadPool]: SQL status: CREATE SCHEMA in 0.007 seconds
[0m22:12:14.397663 [debug] [ThreadPool]: On create_ecb_risk_analytics_staging: COMMIT
[0m22:12:14.397663 [debug] [ThreadPool]: SQL status: CREATE SCHEMA in 0.004 seconds
[0m22:12:14.397663 [debug] [ThreadPool]: Using postgres connection "create_ecb_risk_analytics_staging"
[0m22:12:14.397663 [debug] [ThreadPool]: On create_ecb_risk_analytics_marts: COMMIT
[0m22:12:14.397663 [debug] [ThreadPool]: On create_ecb_risk_analytics_staging: COMMIT
[0m22:12:14.397663 [debug] [ThreadPool]: Using postgres connection "create_ecb_risk_analytics_marts"
[0m22:12:14.397663 [debug] [ThreadPool]: On create_ecb_risk_analytics_marts: COMMIT
[0m22:12:14.413344 [debug] [ThreadPool]: SQL status: COMMIT in 0.006 seconds
[0m22:12:14.414374 [debug] [ThreadPool]: On create_ecb_risk_analytics_staging: Close
[0m22:12:14.415921 [debug] [ThreadPool]: SQL status: COMMIT in 0.007 seconds
[0m22:12:14.415921 [debug] [ThreadPool]: On create_ecb_risk_analytics_marts: Close
[0m22:12:14.415921 [debug] [ThreadPool]: Acquiring new postgres connection 'list_ecb_risk_analytics_staging'
[0m22:12:14.429985 [debug] [ThreadPool]: Acquiring new postgres connection 'list_ecb_risk_analytics_marts'
[0m22:12:14.429985 [debug] [ThreadPool]: Using postgres connection "list_ecb_risk_analytics_staging"
[0m22:12:14.429985 [debug] [ThreadPool]: Using postgres connection "list_ecb_risk_analytics_marts"
[0m22:12:14.429985 [debug] [ThreadPool]: On list_ecb_risk_analytics_staging: BEGIN
[0m22:12:14.429985 [debug] [ThreadPool]: On list_ecb_risk_analytics_marts: BEGIN
[0m22:12:14.429985 [debug] [ThreadPool]: Opening a new connection, currently in state init
[0m22:12:14.429985 [debug] [ThreadPool]: Opening a new connection, currently in state init
[0m22:12:14.476677 [debug] [ThreadPool]: SQL status: BEGIN in 0.036 seconds
[0m22:12:14.476677 [debug] [ThreadPool]: Using postgres connection "list_ecb_risk_analytics_marts"
[0m22:12:14.476677 [debug] [ThreadPool]: SQL status: BEGIN in 0.039 seconds
[0m22:12:14.476677 [debug] [ThreadPool]: On list_ecb_risk_analytics_marts: /* {"app": "dbt", "dbt_version": "1.8.3", "profile_name": "ecb_risk", "target_name": "dev", "connection_name": "list_ecb_risk_analytics_marts"} */
select
      'ecb_risk' as database,
      tablename as name,
      schemaname as schema,
      'table' as type
    from pg_tables
    where schemaname ilike 'analytics_marts'
    union all
    select
      'ecb_risk' as database,
      viewname as name,
      schemaname as schema,
      'view' as type
    from pg_views
    where schemaname ilike 'analytics_marts'
    union all
    select
      'ecb_risk' as database,
      matviewname as name,
      schemaname as schema,
      'materialized_view' as type
    from pg_matviews
    where schemaname ilike 'analytics_marts'
  
[0m22:12:14.476677 [debug] [ThreadPool]: Using postgres connection "list_ecb_risk_analytics_staging"
[0m22:12:14.476677 [debug] [ThreadPool]: On list_ecb_risk_analytics_staging: /* {"app": "dbt", "dbt_version": "1.8.3", "profile_name": "ecb_risk", "target_name": "dev", "connection_name": "list_ecb_risk_analytics_staging"} */
select
      'ecb_risk' as database,
      tablename as name,
      schemaname as schema,
      'table' as type
    from pg_tables
    where schemaname ilike 'analytics_staging'
    union all
    select
      'ecb_risk' as database,
      viewname as name,
      schemaname as schema,
      'view' as type
    from pg_views
    where schemaname ilike 'analytics_staging'
    union all
    select
      'ecb_risk' as database,
      matviewname as name,
      schemaname as schema,
      'materialized_view' as type
    from pg_matviews
    where schemaname ilike 'analytics_staging'
  
[0m22:12:14.514343 [debug] [ThreadPool]: SQL status: SELECT 0 in 0.037 seconds
[0m22:12:14.514343 [debug] [ThreadPool]: SQL status: SELECT 0 in 0.037 seconds
[0m22:12:14.514343 [debug] [ThreadPool]: On list_ecb_risk_analytics_marts: ROLLBACK
[0m22:12:14.524113 [debug] [ThreadPool]: On list_ecb_risk_analytics_staging: ROLLBACK
[0m22:12:14.524113 [debug] [ThreadPool]: On list_ecb_risk_analytics_marts: Close
[0m22:12:14.524113 [debug] [ThreadPool]: On list_ecb_risk_analytics_staging: Close
[0m22:12:14.539865 [debug] [MainThread]: Using postgres connection "master"
[0m22:12:14.542792 [debug] [MainThread]: On master: BEGIN
[0m22:12:14.543930 [debug] [MainThread]: Opening a new connection, currently in state init
[0m22:12:14.569761 [debug] [MainThread]: SQL status: BEGIN in 0.036 seconds
[0m22:12:14.569761 [debug] [MainThread]: Using postgres connection "master"
[0m22:12:14.569761 [debug] [MainThread]: On master: /* {"app": "dbt", "dbt_version": "1.8.3", "profile_name": "ecb_risk", "target_name": "dev", "connection_name": "master"} */
with relation as (
        select
            pg_rewrite.ev_class as class,
            pg_rewrite.oid as id
        from pg_rewrite
    ),
    class as (
        select
            oid as id,
            relname as name,
            relnamespace as schema,
            relkind as kind
        from pg_class
    ),
    dependency as (
        select distinct
            pg_depend.objid as id,
            pg_depend.refobjid as ref
        from pg_depend
    ),
    schema as (
        select
            pg_namespace.oid as id,
            pg_namespace.nspname as name
        from pg_namespace
        where nspname != 'information_schema' and nspname not like 'pg\_%'
    ),
    referenced as (
        select
            relation.id AS id,
            referenced_class.name ,
            referenced_class.schema ,
            referenced_class.kind
        from relation
        join class as referenced_class on relation.class=referenced_class.id
        where referenced_class.kind in ('r', 'v', 'm')
    ),
    relationships as (
        select
            referenced.name as referenced_name,
            referenced.schema as referenced_schema_id,
            dependent_class.name as dependent_name,
            dependent_class.schema as dependent_schema_id,
            referenced.kind as kind
        from referenced
        join dependency on referenced.id=dependency.id
        join class as dependent_class on dependency.ref=dependent_class.id
        where
            (referenced.name != dependent_class.name or
             referenced.schema != dependent_class.schema)
    )

    select
        referenced_schema.name as referenced_schema,
        relationships.referenced_name as referenced_name,
        dependent_schema.name as dependent_schema,
        relationships.dependent_name as dependent_name
    from relationships
    join schema as dependent_schema on relationships.dependent_schema_id=dependent_schema.id
    join schema as referenced_schema on relationships.referenced_schema_id=referenced_schema.id
    group by referenced_schema, referenced_name, dependent_schema, dependent_name
    order by referenced_schema, referenced_name, dependent_schema, dependent_name;
[0m22:12:14.609585 [debug] [MainThread]: SQL status: SELECT 5 in 0.027 seconds
[0m22:12:14.612657 [debug] [MainThread]: Sending event: {'category': 'dbt', 'action': 'runnable_timing', 'label': 'a958fb38-ce8e-4ac6-9176-8bc293652596', 'context': [<snowplow_tracker.self_describing_json.SelfDescribingJson object at 0x000001B4E9E33FB0>]}
[0m22:12:14.613655 [debug] [MainThread]: On master: ROLLBACK
[0m22:12:14.614648 [debug] [MainThread]: Using postgres connection "master"
[0m22:12:14.617439 [debug] [MainThread]: On master: BEGIN
[0m22:12:14.621688 [debug] [MainThread]: SQL status: BEGIN in 0.003 seconds
[0m22:12:14.622068 [debug] [MainThread]: On master: COMMIT
[0m22:12:14.623154 [debug] [MainThread]: Using postgres connection "master"
[0m22:12:14.623154 [debug] [MainThread]: On master: COMMIT
[0m22:12:14.625681 [debug] [MainThread]: SQL status: COMMIT in 0.002 seconds
[0m22:12:14.627265 [debug] [MainThread]: On master: Close
[0m22:12:14.628343 [info ] [MainThread]: Concurrency: 4 threads (target='dev')
[0m22:12:14.629347 [info ] [MainThread]: 
[0m22:12:14.681416 [debug] [Thread-1 (]: Began running node model.ecb_risk.stg_calendar
[0m22:12:14.682416 [debug] [Thread-2 (]: Began running node test.ecb_risk.dbt_utils_source_unique_combination_of_columns_raw_observations_series_id__obs_date.e145c224fa
[0m22:12:14.683416 [debug] [Thread-3 (]: Began running node test.ecb_risk.source_accepted_values_raw_observations_series_group__fx_rates__policy_rates__inflation.3d1d38cbd5
[0m22:12:14.684428 [debug] [Thread-4 (]: Began running node test.ecb_risk.source_not_null_raw_observations_obs_date.3470ddf72e
[0m22:12:14.685426 [info ] [Thread-1 (]: 1 of 37 START sql table model analytics_staging.stg_calendar ................... [RUN]
[0m22:12:14.686835 [info ] [Thread-2 (]: 2 of 37 START test dbt_utils_source_unique_combination_of_columns_raw_observations_series_id__obs_date  [RUN]
[0m22:12:14.688649 [info ] [Thread-3 (]: 3 of 37 START test source_accepted_values_raw_observations_series_group__fx_rates__policy_rates__inflation  [RUN]
[0m22:12:14.690677 [info ] [Thread-4 (]: 4 of 37 START test source_not_null_raw_observations_obs_date ................... [RUN]
[0m22:12:14.691688 [debug] [Thread-1 (]: Acquiring new postgres connection 'model.ecb_risk.stg_calendar'
[0m22:12:14.693683 [debug] [Thread-2 (]: Acquiring new postgres connection 'test.ecb_risk.dbt_utils_source_unique_combination_of_columns_raw_observations_series_id__obs_date.e145c224fa'
[0m22:12:14.694688 [debug] [Thread-3 (]: Acquiring new postgres connection 'test.ecb_risk.source_accepted_values_raw_observations_series_group__fx_rates__policy_rates__inflation.3d1d38cbd5'
[0m22:12:14.696018 [debug] [Thread-4 (]: Acquiring new postgres connection 'test.ecb_risk.source_not_null_raw_observations_obs_date.3470ddf72e'
[0m22:12:14.697053 [debug] [Thread-1 (]: Began compiling node model.ecb_risk.stg_calendar
[0m22:12:14.698041 [debug] [Thread-2 (]: Began compiling node test.ecb_risk.dbt_utils_source_unique_combination_of_columns_raw_observations_series_id__obs_date.e145c224fa
[0m22:12:14.699041 [debug] [Thread-3 (]: Began compiling node test.ecb_risk.source_accepted_values_raw_observations_series_group__fx_rates__policy_rates__inflation.3d1d38cbd5
[0m22:12:14.701053 [debug] [Thread-4 (]: Began compiling node test.ecb_risk.source_not_null_raw_observations_obs_date.3470ddf72e
[0m22:12:14.716641 [debug] [Thread-1 (]: Writing injected SQL for node "model.ecb_risk.stg_calendar"
[0m22:12:14.729024 [debug] [Thread-2 (]: Writing injected SQL for node "test.ecb_risk.dbt_utils_source_unique_combination_of_columns_raw_observations_series_id__obs_date.e145c224fa"
[0m22:12:14.740578 [debug] [Thread-3 (]: Writing injected SQL for node "test.ecb_risk.source_accepted_values_raw_observations_series_group__fx_rates__policy_rates__inflation.3d1d38cbd5"
[0m22:12:14.758536 [debug] [Thread-4 (]: Writing injected SQL for node "test.ecb_risk.source_not_null_raw_observations_obs_date.3470ddf72e"
[0m22:12:14.766177 [debug] [Thread-1 (]: Began executing node model.ecb_risk.stg_calendar
[0m22:12:14.772356 [debug] [Thread-4 (]: Began executing node test.ecb_risk.source_not_null_raw_observations_obs_date.3470ddf72e
[0m22:12:14.773547 [debug] [Thread-3 (]: Began executing node test.ecb_risk.source_accepted_values_raw_observations_series_group__fx_rates__policy_rates__inflation.3d1d38cbd5
[0m22:12:14.802954 [debug] [Thread-2 (]: Began executing node test.ecb_risk.dbt_utils_source_unique_combination_of_columns_raw_observations_series_id__obs_date.e145c224fa
[0m22:12:14.871497 [debug] [Thread-4 (]: Writing runtime sql for node "test.ecb_risk.source_not_null_raw_observations_obs_date.3470ddf72e"
[0m22:12:14.877507 [debug] [Thread-1 (]: Writing runtime sql for node "model.ecb_risk.stg_calendar"
[0m22:12:14.881507 [debug] [Thread-3 (]: Writing runtime sql for node "test.ecb_risk.source_accepted_values_raw_observations_series_group__fx_rates__policy_rates__inflation.3d1d38cbd5"
[0m22:12:14.886484 [debug] [Thread-2 (]: Writing runtime sql for node "test.ecb_risk.dbt_utils_source_unique_combination_of_columns_raw_observations_series_id__obs_date.e145c224fa"
[0m22:12:14.893493 [debug] [Thread-1 (]: Using postgres connection "model.ecb_risk.stg_calendar"
[0m22:12:14.894510 [debug] [Thread-1 (]: On model.ecb_risk.stg_calendar: BEGIN
[0m22:12:14.895509 [debug] [Thread-1 (]: Opening a new connection, currently in state init
[0m22:12:14.897511 [debug] [Thread-3 (]: Using postgres connection "test.ecb_risk.source_accepted_values_raw_observations_series_group__fx_rates__policy_rates__inflation.3d1d38cbd5"
[0m22:12:14.897511 [debug] [Thread-4 (]: Using postgres connection "test.ecb_risk.source_not_null_raw_observations_obs_date.3470ddf72e"
[0m22:12:14.897511 [debug] [Thread-2 (]: Using postgres connection "test.ecb_risk.dbt_utils_source_unique_combination_of_columns_raw_observations_series_id__obs_date.e145c224fa"
[0m22:12:14.897511 [debug] [Thread-3 (]: On test.ecb_risk.source_accepted_values_raw_observations_series_group__fx_rates__policy_rates__inflation.3d1d38cbd5: BEGIN
[0m22:12:14.897511 [debug] [Thread-4 (]: On test.ecb_risk.source_not_null_raw_observations_obs_date.3470ddf72e: BEGIN
[0m22:12:14.897511 [debug] [Thread-2 (]: On test.ecb_risk.dbt_utils_source_unique_combination_of_columns_raw_observations_series_id__obs_date.e145c224fa: BEGIN
[0m22:12:14.897511 [debug] [Thread-3 (]: Opening a new connection, currently in state init
[0m22:12:14.897511 [debug] [Thread-4 (]: Opening a new connection, currently in state init
[0m22:12:14.897511 [debug] [Thread-2 (]: Opening a new connection, currently in state init
[0m22:12:14.935182 [debug] [Thread-1 (]: SQL status: BEGIN in 0.039 seconds
[0m22:12:14.935182 [debug] [Thread-1 (]: Using postgres connection "model.ecb_risk.stg_calendar"
[0m22:12:14.935182 [debug] [Thread-1 (]: On model.ecb_risk.stg_calendar: /* {"app": "dbt", "dbt_version": "1.8.3", "profile_name": "ecb_risk", "target_name": "dev", "node_id": "model.ecb_risk.stg_calendar"} */

  
    

  create  table "ecb_risk"."analytics_staging"."stg_calendar__dbt_tmp"
  
  
    as
  
  (
    -- Business-day calendar from 2015-01-01 to today. Used to forward-fill HICP.


select d::date as cal_date
from generate_series(date '2015-01-01', current_date, interval '1 day') as d
where extract(isodow from d) < 6
  );
  
[0m22:12:14.939430 [debug] [Thread-3 (]: SQL status: BEGIN in 0.040 seconds
[0m22:12:14.945167 [debug] [Thread-3 (]: Using postgres connection "test.ecb_risk.source_accepted_values_raw_observations_series_group__fx_rates__policy_rates__inflation.3d1d38cbd5"
[0m22:12:14.945167 [debug] [Thread-3 (]: On test.ecb_risk.source_accepted_values_raw_observations_series_group__fx_rates__policy_rates__inflation.3d1d38cbd5: /* {"app": "dbt", "dbt_version": "1.8.3", "profile_name": "ecb_risk", "target_name": "dev", "node_id": "test.ecb_risk.source_accepted_values_raw_observations_series_group__fx_rates__policy_rates__inflation.3d1d38cbd5"} */
select
      count(*) as failures,
      count(*) != 0 as should_warn,
      count(*) != 0 as should_error
    from (
      
    
    

with all_values as (

    select
        series_group as value_field,
        count(*) as n_records

    from "ecb_risk"."raw"."observations"
    group by series_group

)

select *
from all_values
where value_field not in (
    'fx_rates','policy_rates','inflation'
)



      
    ) dbt_internal_test
[0m22:12:14.947186 [debug] [Thread-4 (]: SQL status: BEGIN in 0.042 seconds
[0m22:12:14.947186 [debug] [Thread-2 (]: SQL status: BEGIN in 0.041 seconds
[0m22:12:14.947186 [debug] [Thread-4 (]: Using postgres connection "test.ecb_risk.source_not_null_raw_observations_obs_date.3470ddf72e"
[0m22:12:14.947186 [debug] [Thread-2 (]: Using postgres connection "test.ecb_risk.dbt_utils_source_unique_combination_of_columns_raw_observations_series_id__obs_date.e145c224fa"
[0m22:12:14.947186 [debug] [Thread-4 (]: On test.ecb_risk.source_not_null_raw_observations_obs_date.3470ddf72e: /* {"app": "dbt", "dbt_version": "1.8.3", "profile_name": "ecb_risk", "target_name": "dev", "node_id": "test.ecb_risk.source_not_null_raw_observations_obs_date.3470ddf72e"} */
select
      count(*) as failures,
      count(*) != 0 as should_warn,
      count(*) != 0 as should_error
    from (
      
    
    



select obs_date
from "ecb_risk"."raw"."observations"
where obs_date is null



      
    ) dbt_internal_test
[0m22:12:14.947186 [debug] [Thread-2 (]: On test.ecb_risk.dbt_utils_source_unique_combination_of_columns_raw_observations_series_id__obs_date.e145c224fa: /* {"app": "dbt", "dbt_version": "1.8.3", "profile_name": "ecb_risk", "target_name": "dev", "node_id": "test.ecb_risk.dbt_utils_source_unique_combination_of_columns_raw_observations_series_id__obs_date.e145c224fa"} */
select
      count(*) as failures,
      count(*) != 0 as should_warn,
      count(*) != 0 as should_error
    from (
      





with validation_errors as (

    select
        series_id, obs_date
    from "ecb_risk"."raw"."observations"
    group by series_id, obs_date
    having count(*) > 1

)

select *
from validation_errors



      
    ) dbt_internal_test
[0m22:12:14.968552 [debug] [Thread-1 (]: SQL status: SELECT 2977 in 0.031 seconds
[0m22:12:14.977963 [debug] [Thread-1 (]: Using postgres connection "model.ecb_risk.stg_calendar"
[0m22:12:14.977963 [debug] [Thread-1 (]: On model.ecb_risk.stg_calendar: /* {"app": "dbt", "dbt_version": "1.8.3", "profile_name": "ecb_risk", "target_name": "dev", "node_id": "model.ecb_risk.stg_calendar"} */
alter table "ecb_risk"."analytics_staging"."stg_calendar__dbt_tmp" rename to "stg_calendar"
[0m22:12:14.977963 [debug] [Thread-1 (]: SQL status: ALTER TABLE in 0.002 seconds
[0m22:12:14.993303 [debug] [Thread-4 (]: SQL status: SELECT 1 in 0.039 seconds
[0m22:12:15.007862 [debug] [Thread-3 (]: SQL status: SELECT 1 in 0.059 seconds
[0m22:12:15.020586 [debug] [Thread-2 (]: SQL status: SELECT 1 in 0.067 seconds
[0m22:12:15.027487 [debug] [Thread-1 (]: On model.ecb_risk.stg_calendar: COMMIT
[0m22:12:15.036714 [debug] [Thread-4 (]: On test.ecb_risk.source_not_null_raw_observations_obs_date.3470ddf72e: ROLLBACK
[0m22:12:15.040718 [debug] [Thread-3 (]: On test.ecb_risk.source_accepted_values_raw_observations_series_group__fx_rates__policy_rates__inflation.3d1d38cbd5: ROLLBACK
[0m22:12:15.042709 [debug] [Thread-2 (]: On test.ecb_risk.dbt_utils_source_unique_combination_of_columns_raw_observations_series_id__obs_date.e145c224fa: ROLLBACK
[0m22:12:15.043711 [debug] [Thread-1 (]: Using postgres connection "model.ecb_risk.stg_calendar"
[0m22:12:15.045727 [debug] [Thread-1 (]: On model.ecb_risk.stg_calendar: COMMIT
[0m22:12:15.046734 [debug] [Thread-3 (]: On test.ecb_risk.source_accepted_values_raw_observations_series_group__fx_rates__policy_rates__inflation.3d1d38cbd5: Close
[0m22:12:15.047736 [debug] [Thread-2 (]: On test.ecb_risk.dbt_utils_source_unique_combination_of_columns_raw_observations_series_id__obs_date.e145c224fa: Close
[0m22:12:15.048729 [debug] [Thread-4 (]: On test.ecb_risk.source_not_null_raw_observations_obs_date.3470ddf72e: Close
[0m22:12:15.050729 [info ] [Thread-2 (]: 2 of 37 PASS dbt_utils_source_unique_combination_of_columns_raw_observations_series_id__obs_date  [[32mPASS[0m in 0.36s]
[0m22:12:15.051729 [info ] [Thread-3 (]: 3 of 37 PASS source_accepted_values_raw_observations_series_group__fx_rates__policy_rates__inflation  [[32mPASS[0m in 0.36s]
[0m22:12:15.054795 [debug] [Thread-2 (]: Finished running node test.ecb_risk.dbt_utils_source_unique_combination_of_columns_raw_observations_series_id__obs_date.e145c224fa
[0m22:12:15.056908 [debug] [Thread-1 (]: SQL status: COMMIT in 0.008 seconds
[0m22:12:15.055904 [info ] [Thread-4 (]: 4 of 37 PASS source_not_null_raw_observations_obs_date ......................... [[32mPASS[0m in 0.36s]
[0m22:12:15.057911 [debug] [Thread-3 (]: Finished running node test.ecb_risk.source_accepted_values_raw_observations_series_group__fx_rates__policy_rates__inflation.3d1d38cbd5
[0m22:12:15.059428 [debug] [Thread-2 (]: Began running node test.ecb_risk.source_not_null_raw_observations_series_group.b0663763bb
[0m22:12:15.070097 [debug] [Thread-1 (]: Applying DROP to: "ecb_risk"."analytics_staging"."stg_calendar__dbt_backup"
[0m22:12:15.070097 [debug] [Thread-4 (]: Finished running node test.ecb_risk.source_not_null_raw_observations_obs_date.3470ddf72e
[0m22:12:15.070097 [debug] [Thread-3 (]: Began running node test.ecb_risk.source_not_null_raw_observations_series_id.34a16fc0ca
[0m22:12:15.070097 [info ] [Thread-2 (]: 5 of 37 START test source_not_null_raw_observations_series_group ............... [RUN]
[0m22:12:15.086197 [debug] [Thread-1 (]: Using postgres connection "model.ecb_risk.stg_calendar"
[0m22:12:15.088190 [info ] [Thread-3 (]: 6 of 37 START test source_not_null_raw_observations_series_id .................. [RUN]
[0m22:12:15.090192 [debug] [Thread-2 (]: Re-using an available connection from the pool (formerly test.ecb_risk.dbt_utils_source_unique_combination_of_columns_raw_observations_series_id__obs_date.e145c224fa, now test.ecb_risk.source_not_null_raw_observations_series_group.b0663763bb)
[0m22:12:15.091193 [debug] [Thread-1 (]: On model.ecb_risk.stg_calendar: /* {"app": "dbt", "dbt_version": "1.8.3", "profile_name": "ecb_risk", "target_name": "dev", "node_id": "model.ecb_risk.stg_calendar"} */
drop table if exists "ecb_risk"."analytics_staging"."stg_calendar__dbt_backup" cascade
[0m22:12:15.092193 [debug] [Thread-3 (]: Re-using an available connection from the pool (formerly test.ecb_risk.source_accepted_values_raw_observations_series_group__fx_rates__policy_rates__inflation.3d1d38cbd5, now test.ecb_risk.source_not_null_raw_observations_series_id.34a16fc0ca)
[0m22:12:15.092193 [debug] [Thread-2 (]: Began compiling node test.ecb_risk.source_not_null_raw_observations_series_group.b0663763bb
[0m22:12:15.093194 [debug] [Thread-3 (]: Began compiling node test.ecb_risk.source_not_null_raw_observations_series_id.34a16fc0ca
[0m22:12:15.101212 [debug] [Thread-1 (]: SQL status: DROP TABLE in 0.008 seconds
[0m22:12:15.105202 [debug] [Thread-2 (]: Writing injected SQL for node "test.ecb_risk.source_not_null_raw_observations_series_group.b0663763bb"
[0m22:12:15.113224 [debug] [Thread-3 (]: Writing injected SQL for node "test.ecb_risk.source_not_null_raw_observations_series_id.34a16fc0ca"
[0m22:12:15.116003 [debug] [Thread-1 (]: On model.ecb_risk.stg_calendar: Close
[0m22:12:15.117006 [debug] [Thread-1 (]: Sending event: {'category': 'dbt', 'action': 'run_model', 'label': 'a958fb38-ce8e-4ac6-9176-8bc293652596', 'context': [<snowplow_tracker.self_describing_json.SelfDescribingJson object at 0x000001B4EA3BCB90>]}
[0m22:12:15.117006 [info ] [Thread-1 (]: 1 of 37 OK created sql table model analytics_staging.stg_calendar .............. [[32mSELECT 2977[0m in 0.43s]
[0m22:12:15.117006 [debug] [Thread-3 (]: Began executing node test.ecb_risk.source_not_null_raw_observations_series_id.34a16fc0ca
[0m22:12:15.117006 [debug] [Thread-2 (]: Began executing node test.ecb_risk.source_not_null_raw_observations_series_group.b0663763bb
[0m22:12:15.125570 [debug] [Thread-1 (]: Finished running node model.ecb_risk.stg_calendar
[0m22:12:15.130046 [debug] [Thread-3 (]: Writing runtime sql for node "test.ecb_risk.source_not_null_raw_observations_series_id.34a16fc0ca"
[0m22:12:15.133092 [debug] [Thread-2 (]: Writing runtime sql for node "test.ecb_risk.source_not_null_raw_observations_series_group.b0663763bb"
[0m22:12:15.137892 [debug] [Thread-4 (]: Began running node test.ecb_risk.not_null_stg_calendar_cal_date.2898a02949
[0m22:12:15.137892 [debug] [Thread-1 (]: Began running node test.ecb_risk.unique_stg_calendar_cal_date.fae5f55a61
[0m22:12:15.137892 [info ] [Thread-4 (]: 7 of 37 START test not_null_stg_calendar_cal_date .............................. [RUN]
[0m22:12:15.137892 [debug] [Thread-2 (]: Using postgres connection "test.ecb_risk.source_not_null_raw_observations_series_group.b0663763bb"
[0m22:12:15.137892 [info ] [Thread-1 (]: 8 of 37 START test unique_stg_calendar_cal_date ................................ [RUN]
[0m22:12:15.137892 [debug] [Thread-3 (]: Using postgres connection "test.ecb_risk.source_not_null_raw_observations_series_id.34a16fc0ca"
[0m22:12:15.137892 [debug] [Thread-4 (]: Re-using an available connection from the pool (formerly test.ecb_risk.source_not_null_raw_observations_obs_date.3470ddf72e, now test.ecb_risk.not_null_stg_calendar_cal_date.2898a02949)
[0m22:12:15.137892 [debug] [Thread-2 (]: On test.ecb_risk.source_not_null_raw_observations_series_group.b0663763bb: BEGIN
[0m22:12:15.148020 [debug] [Thread-1 (]: Re-using an available connection from the pool (formerly model.ecb_risk.stg_calendar, now test.ecb_risk.unique_stg_calendar_cal_date.fae5f55a61)
[0m22:12:15.149034 [debug] [Thread-3 (]: On test.ecb_risk.source_not_null_raw_observations_series_id.34a16fc0ca: BEGIN
[0m22:12:15.149034 [debug] [Thread-4 (]: Began compiling node test.ecb_risk.not_null_stg_calendar_cal_date.2898a02949
[0m22:12:15.149034 [debug] [Thread-2 (]: Opening a new connection, currently in state closed
[0m22:12:15.153508 [debug] [Thread-1 (]: Began compiling node test.ecb_risk.unique_stg_calendar_cal_date.fae5f55a61
[0m22:12:15.153508 [debug] [Thread-3 (]: Opening a new connection, currently in state closed
[0m22:12:15.162825 [debug] [Thread-4 (]: Writing injected SQL for node "test.ecb_risk.not_null_stg_calendar_cal_date.2898a02949"
[0m22:12:15.176738 [debug] [Thread-1 (]: Writing injected SQL for node "test.ecb_risk.unique_stg_calendar_cal_date.fae5f55a61"
[0m22:12:15.180746 [debug] [Thread-1 (]: Began executing node test.ecb_risk.unique_stg_calendar_cal_date.fae5f55a61
[0m22:12:15.181744 [debug] [Thread-4 (]: Began executing node test.ecb_risk.not_null_stg_calendar_cal_date.2898a02949
[0m22:12:15.187427 [debug] [Thread-1 (]: Writing runtime sql for node "test.ecb_risk.unique_stg_calendar_cal_date.fae5f55a61"
[0m22:12:15.193594 [debug] [Thread-4 (]: Writing runtime sql for node "test.ecb_risk.not_null_stg_calendar_cal_date.2898a02949"
[0m22:12:15.196516 [debug] [Thread-4 (]: Using postgres connection "test.ecb_risk.not_null_stg_calendar_cal_date.2898a02949"
[0m22:12:15.197632 [debug] [Thread-1 (]: Using postgres connection "test.ecb_risk.unique_stg_calendar_cal_date.fae5f55a61"
[0m22:12:15.198632 [debug] [Thread-4 (]: On test.ecb_risk.not_null_stg_calendar_cal_date.2898a02949: BEGIN
[0m22:12:15.199637 [debug] [Thread-1 (]: On test.ecb_risk.unique_stg_calendar_cal_date.fae5f55a61: BEGIN
[0m22:12:15.200647 [debug] [Thread-4 (]: Opening a new connection, currently in state closed
[0m22:12:15.201646 [debug] [Thread-1 (]: Opening a new connection, currently in state closed
[0m22:12:15.212102 [debug] [Thread-3 (]: SQL status: BEGIN in 0.058 seconds
[0m22:12:15.213099 [debug] [Thread-3 (]: Using postgres connection "test.ecb_risk.source_not_null_raw_observations_series_id.34a16fc0ca"
[0m22:12:15.214098 [debug] [Thread-2 (]: SQL status: BEGIN in 0.062 seconds
[0m22:12:15.215613 [debug] [Thread-3 (]: On test.ecb_risk.source_not_null_raw_observations_series_id.34a16fc0ca: /* {"app": "dbt", "dbt_version": "1.8.3", "profile_name": "ecb_risk", "target_name": "dev", "node_id": "test.ecb_risk.source_not_null_raw_observations_series_id.34a16fc0ca"} */
select
      count(*) as failures,
      count(*) != 0 as should_warn,
      count(*) != 0 as should_error
    from (
      
    
    



select series_id
from "ecb_risk"."raw"."observations"
where series_id is null



      
    ) dbt_internal_test
[0m22:12:15.216641 [debug] [Thread-2 (]: Using postgres connection "test.ecb_risk.source_not_null_raw_observations_series_group.b0663763bb"
[0m22:12:15.218167 [debug] [Thread-2 (]: On test.ecb_risk.source_not_null_raw_observations_series_group.b0663763bb: /* {"app": "dbt", "dbt_version": "1.8.3", "profile_name": "ecb_risk", "target_name": "dev", "node_id": "test.ecb_risk.source_not_null_raw_observations_series_group.b0663763bb"} */
select
      count(*) as failures,
      count(*) != 0 as should_warn,
      count(*) != 0 as should_error
    from (
      
    
    



select series_group
from "ecb_risk"."raw"."observations"
where series_group is null



      
    ) dbt_internal_test
[0m22:12:15.222292 [debug] [Thread-3 (]: SQL status: SELECT 1 in 0.005 seconds
[0m22:12:15.223180 [debug] [Thread-2 (]: SQL status: SELECT 1 in 0.004 seconds
[0m22:12:15.226770 [debug] [Thread-3 (]: On test.ecb_risk.source_not_null_raw_observations_series_id.34a16fc0ca: ROLLBACK
[0m22:12:15.229781 [debug] [Thread-2 (]: On test.ecb_risk.source_not_null_raw_observations_series_group.b0663763bb: ROLLBACK
[0m22:12:15.232780 [debug] [Thread-2 (]: On test.ecb_risk.source_not_null_raw_observations_series_group.b0663763bb: Close
[0m22:12:15.233781 [debug] [Thread-3 (]: On test.ecb_risk.source_not_null_raw_observations_series_id.34a16fc0ca: Close
[0m22:12:15.235795 [info ] [Thread-2 (]: 5 of 37 PASS source_not_null_raw_observations_series_group ..................... [[32mPASS[0m in 0.15s]
[0m22:12:15.239599 [debug] [Thread-2 (]: Finished running node test.ecb_risk.source_not_null_raw_observations_series_group.b0663763bb
[0m22:12:15.238199 [info ] [Thread-3 (]: 6 of 37 PASS source_not_null_raw_observations_series_id ........................ [[32mPASS[0m in 0.15s]
[0m22:12:15.241748 [debug] [Thread-4 (]: SQL status: BEGIN in 0.041 seconds
[0m22:12:15.243752 [debug] [Thread-3 (]: Finished running node test.ecb_risk.source_not_null_raw_observations_series_id.34a16fc0ca
[0m22:12:15.244753 [debug] [Thread-4 (]: Using postgres connection "test.ecb_risk.not_null_stg_calendar_cal_date.2898a02949"
[0m22:12:15.245649 [debug] [Thread-1 (]: SQL status: BEGIN in 0.045 seconds
[0m22:12:15.247838 [debug] [Thread-2 (]: Began running node model.ecb_risk.stg_fx_long
[0m22:12:15.248840 [debug] [Thread-3 (]: Began running node model.ecb_risk.stg_policy_rates_wide
[0m22:12:15.248840 [debug] [Thread-4 (]: On test.ecb_risk.not_null_stg_calendar_cal_date.2898a02949: /* {"app": "dbt", "dbt_version": "1.8.3", "profile_name": "ecb_risk", "target_name": "dev", "node_id": "test.ecb_risk.not_null_stg_calendar_cal_date.2898a02949"} */
select
      count(*) as failures,
      count(*) != 0 as should_warn,
      count(*) != 0 as should_error
    from (
      
    
    



select cal_date
from "ecb_risk"."analytics_staging"."stg_calendar"
where cal_date is null



      
    ) dbt_internal_test
[0m22:12:15.249834 [debug] [Thread-1 (]: Using postgres connection "test.ecb_risk.unique_stg_calendar_cal_date.fae5f55a61"
[0m22:12:15.251836 [info ] [Thread-2 (]: 9 of 37 START sql view model analytics_staging.stg_fx_long ..................... [RUN]
[0m22:12:15.252836 [info ] [Thread-3 (]: 10 of 37 START sql view model analytics_staging.stg_policy_rates_wide .......... [RUN]
[0m22:12:15.254776 [debug] [Thread-1 (]: On test.ecb_risk.unique_stg_calendar_cal_date.fae5f55a61: /* {"app": "dbt", "dbt_version": "1.8.3", "profile_name": "ecb_risk", "target_name": "dev", "node_id": "test.ecb_risk.unique_stg_calendar_cal_date.fae5f55a61"} */
select
      count(*) as failures,
      count(*) != 0 as should_warn,
      count(*) != 0 as should_error
    from (
      
    
    

select
    cal_date as unique_field,
    count(*) as n_records

from "ecb_risk"."analytics_staging"."stg_calendar"
where cal_date is not null
group by cal_date
having count(*) > 1



      
    ) dbt_internal_test
[0m22:12:15.255911 [debug] [Thread-2 (]: Re-using an available connection from the pool (formerly test.ecb_risk.source_not_null_raw_observations_series_group.b0663763bb, now model.ecb_risk.stg_fx_long)
[0m22:12:15.256910 [debug] [Thread-3 (]: Re-using an available connection from the pool (formerly test.ecb_risk.source_not_null_raw_observations_series_id.34a16fc0ca, now model.ecb_risk.stg_policy_rates_wide)
[0m22:12:15.257904 [debug] [Thread-4 (]: SQL status: SELECT 1 in 0.004 seconds
[0m22:12:15.258907 [debug] [Thread-2 (]: Began compiling node model.ecb_risk.stg_fx_long
[0m22:12:15.259907 [debug] [Thread-3 (]: Began compiling node model.ecb_risk.stg_policy_rates_wide
[0m22:12:15.263298 [debug] [Thread-4 (]: On test.ecb_risk.not_null_stg_calendar_cal_date.2898a02949: ROLLBACK
[0m22:12:15.264296 [debug] [Thread-1 (]: SQL status: SELECT 1 in 0.006 seconds
[0m22:12:15.270641 [debug] [Thread-2 (]: Writing injected SQL for node "model.ecb_risk.stg_fx_long"
[0m22:12:15.276656 [debug] [Thread-3 (]: Writing injected SQL for node "model.ecb_risk.stg_policy_rates_wide"
[0m22:12:15.279658 [debug] [Thread-1 (]: On test.ecb_risk.unique_stg_calendar_cal_date.fae5f55a61: ROLLBACK
[0m22:12:15.280656 [debug] [Thread-4 (]: On test.ecb_risk.not_null_stg_calendar_cal_date.2898a02949: Close
[0m22:12:15.283978 [debug] [Thread-1 (]: On test.ecb_risk.unique_stg_calendar_cal_date.fae5f55a61: Close
[0m22:12:15.283361 [info ] [Thread-4 (]: 7 of 37 PASS not_null_stg_calendar_cal_date .................................... [[32mPASS[0m in 0.14s]
[0m22:12:15.286524 [debug] [Thread-3 (]: Began executing node model.ecb_risk.stg_policy_rates_wide
[0m22:12:15.288529 [debug] [Thread-2 (]: Began executing node model.ecb_risk.stg_fx_long
[0m22:12:15.287525 [info ] [Thread-1 (]: 8 of 37 PASS unique_stg_calendar_cal_date ...................................... [[32mPASS[0m in 0.14s]
[0m22:12:15.290522 [debug] [Thread-4 (]: Finished running node test.ecb_risk.not_null_stg_calendar_cal_date.2898a02949
[0m22:12:15.330948 [debug] [Thread-3 (]: Writing runtime sql for node "model.ecb_risk.stg_policy_rates_wide"
[0m22:12:15.337924 [debug] [Thread-2 (]: Writing runtime sql for node "model.ecb_risk.stg_fx_long"
[0m22:12:15.338936 [debug] [Thread-1 (]: Finished running node test.ecb_risk.unique_stg_calendar_cal_date.fae5f55a61
[0m22:12:15.341936 [debug] [Thread-4 (]: Began running node model.ecb_risk.stg_inflation
[0m22:12:15.342923 [debug] [Thread-3 (]: Using postgres connection "model.ecb_risk.stg_policy_rates_wide"
[0m22:12:15.344923 [debug] [Thread-2 (]: Using postgres connection "model.ecb_risk.stg_fx_long"
[0m22:12:15.343918 [info ] [Thread-4 (]: 11 of 37 START sql view model analytics_staging.stg_inflation .................. [RUN]
[0m22:12:15.345940 [debug] [Thread-3 (]: On model.ecb_risk.stg_policy_rates_wide: BEGIN
[0m22:12:15.346936 [debug] [Thread-2 (]: On model.ecb_risk.stg_fx_long: BEGIN
[0m22:12:15.347935 [debug] [Thread-4 (]: Re-using an available connection from the pool (formerly test.ecb_risk.not_null_stg_calendar_cal_date.2898a02949, now model.ecb_risk.stg_inflation)
[0m22:12:15.348946 [debug] [Thread-3 (]: Opening a new connection, currently in state closed
[0m22:12:15.349948 [debug] [Thread-2 (]: Opening a new connection, currently in state closed
[0m22:12:15.350935 [debug] [Thread-4 (]: Began compiling node model.ecb_risk.stg_inflation
[0m22:12:15.359420 [debug] [Thread-4 (]: Writing injected SQL for node "model.ecb_risk.stg_inflation"
[0m22:12:15.370550 [debug] [Thread-4 (]: Began executing node model.ecb_risk.stg_inflation
[0m22:12:15.379586 [debug] [Thread-4 (]: Writing runtime sql for node "model.ecb_risk.stg_inflation"
[0m22:12:15.381581 [debug] [Thread-4 (]: Using postgres connection "model.ecb_risk.stg_inflation"
[0m22:12:15.381581 [debug] [Thread-4 (]: On model.ecb_risk.stg_inflation: BEGIN
[0m22:12:15.381581 [debug] [Thread-4 (]: Opening a new connection, currently in state closed
[0m22:12:15.381581 [debug] [Thread-3 (]: SQL status: BEGIN in 0.038 seconds
[0m22:12:15.388700 [debug] [Thread-3 (]: Using postgres connection "model.ecb_risk.stg_policy_rates_wide"
[0m22:12:15.389316 [debug] [Thread-3 (]: On model.ecb_risk.stg_policy_rates_wide: /* {"app": "dbt", "dbt_version": "1.8.3", "profile_name": "ecb_risk", "target_name": "dev", "node_id": "model.ecb_risk.stg_policy_rates_wide"} */

  create view "ecb_risk"."analytics_staging"."stg_policy_rates_wide__dbt_tmp"
    
    
  as (
    -- ECB key policy rates, wide.


select
    obs_date,
    max(case when series_id = 'MRO' then cast(value as numeric(8, 4)) end) as mro_rate,
    max(case when series_id = 'DFR' then cast(value as numeric(8, 4)) end) as dfr_rate,
    max(case when series_id = 'MLF' then cast(value as numeric(8, 4)) end) as mlf_rate
from "ecb_risk"."raw"."observations"
where series_group = 'policy_rates'
  and value is not null
group by obs_date
  );
[0m22:12:15.389316 [debug] [Thread-2 (]: SQL status: BEGIN in 0.043 seconds
[0m22:12:15.389316 [debug] [Thread-2 (]: Using postgres connection "model.ecb_risk.stg_fx_long"
[0m22:12:15.389316 [debug] [Thread-2 (]: On model.ecb_risk.stg_fx_long: /* {"app": "dbt", "dbt_version": "1.8.3", "profile_name": "ecb_risk", "target_name": "dev", "node_id": "model.ecb_risk.stg_fx_long"} */

  create view "ecb_risk"."analytics_staging"."stg_fx_long__dbt_tmp"
    
    
  as (
    -- FX rates in long form, typed and validated.


select
    obs_date,
    series_id,
    cast(value as numeric(18, 6)) as rate
from "ecb_risk"."raw"."observations"
where series_group = 'fx_rates'
  and value is not null
  and value > 0
  );
[0m22:12:15.402039 [debug] [Thread-2 (]: SQL status: CREATE VIEW in 0.007 seconds
[0m22:12:15.408070 [debug] [Thread-2 (]: Using postgres connection "model.ecb_risk.stg_fx_long"
[0m22:12:15.410080 [debug] [Thread-3 (]: SQL status: CREATE VIEW in 0.018 seconds
[0m22:12:15.410080 [debug] [Thread-2 (]: On model.ecb_risk.stg_fx_long: /* {"app": "dbt", "dbt_version": "1.8.3", "profile_name": "ecb_risk", "target_name": "dev", "node_id": "model.ecb_risk.stg_fx_long"} */
alter table "ecb_risk"."analytics_staging"."stg_fx_long__dbt_tmp" rename to "stg_fx_long"
[0m22:12:15.416083 [debug] [Thread-3 (]: Using postgres connection "model.ecb_risk.stg_policy_rates_wide"
[0m22:12:15.418613 [debug] [Thread-3 (]: On model.ecb_risk.stg_policy_rates_wide: /* {"app": "dbt", "dbt_version": "1.8.3", "profile_name": "ecb_risk", "target_name": "dev", "node_id": "model.ecb_risk.stg_policy_rates_wide"} */
alter table "ecb_risk"."analytics_staging"."stg_policy_rates_wide__dbt_tmp" rename to "stg_policy_rates_wide"
[0m22:12:15.420709 [debug] [Thread-2 (]: SQL status: ALTER TABLE in 0.003 seconds
[0m22:12:15.420709 [debug] [Thread-4 (]: SQL status: BEGIN in 0.038 seconds
[0m22:12:15.420709 [debug] [Thread-3 (]: SQL status: ALTER TABLE in 0.003 seconds
[0m22:12:15.420709 [debug] [Thread-2 (]: On model.ecb_risk.stg_fx_long: COMMIT
[0m22:12:15.420709 [debug] [Thread-4 (]: Using postgres connection "model.ecb_risk.stg_inflation"
[0m22:12:15.420709 [debug] [Thread-3 (]: On model.ecb_risk.stg_policy_rates_wide: COMMIT
[0m22:12:15.429596 [debug] [Thread-2 (]: Using postgres connection "model.ecb_risk.stg_fx_long"
[0m22:12:15.430516 [debug] [Thread-4 (]: On model.ecb_risk.stg_inflation: /* {"app": "dbt", "dbt_version": "1.8.3", "profile_name": "ecb_risk", "target_name": "dev", "node_id": "model.ecb_risk.stg_inflation"} */

  create view "ecb_risk"."analytics_staging"."stg_inflation__dbt_tmp"
    
    
  as (
    -- HICP forward-filled onto the daily business-day calendar.


with hicp as (
    select
        obs_date as hicp_month,
        cast(value as numeric(8, 4)) as hicp_yoy_pct
    from "ecb_risk"."raw"."observations"
    where series_group = 'inflation'
      and series_id    = 'HICP_ALL_ANR'
      and value is not null
)
select
    c.cal_date as obs_date,
    h.hicp_month,
    h.hicp_yoy_pct
from "ecb_risk"."analytics_staging"."stg_calendar" c
left join lateral (
    select hicp_month, hicp_yoy_pct
    from hicp
    where hicp_month <= c.cal_date
    order by hicp_month desc
    limit 1
) h on true
  );
[0m22:12:15.430516 [debug] [Thread-3 (]: Using postgres connection "model.ecb_risk.stg_policy_rates_wide"
[0m22:12:15.430516 [debug] [Thread-2 (]: On model.ecb_risk.stg_fx_long: COMMIT
[0m22:12:15.430516 [debug] [Thread-3 (]: On model.ecb_risk.stg_policy_rates_wide: COMMIT
[0m22:12:15.430516 [debug] [Thread-2 (]: SQL status: COMMIT in 0.005 seconds
[0m22:12:15.430516 [debug] [Thread-2 (]: Applying DROP to: "ecb_risk"."analytics_staging"."stg_fx_long__dbt_backup"
[0m22:12:15.445664 [debug] [Thread-2 (]: Using postgres connection "model.ecb_risk.stg_fx_long"
[0m22:12:15.445664 [debug] [Thread-4 (]: SQL status: CREATE VIEW in 0.018 seconds
[0m22:12:15.445664 [debug] [Thread-3 (]: SQL status: COMMIT in 0.017 seconds
[0m22:12:15.445664 [debug] [Thread-2 (]: On model.ecb_risk.stg_fx_long: /* {"app": "dbt", "dbt_version": "1.8.3", "profile_name": "ecb_risk", "target_name": "dev", "node_id": "model.ecb_risk.stg_fx_long"} */
drop view if exists "ecb_risk"."analytics_staging"."stg_fx_long__dbt_backup" cascade
[0m22:12:15.445664 [debug] [Thread-4 (]: Using postgres connection "model.ecb_risk.stg_inflation"
[0m22:12:15.462315 [debug] [Thread-3 (]: Applying DROP to: "ecb_risk"."analytics_staging"."stg_policy_rates_wide__dbt_backup"
[0m22:12:15.462315 [debug] [Thread-4 (]: On model.ecb_risk.stg_inflation: /* {"app": "dbt", "dbt_version": "1.8.3", "profile_name": "ecb_risk", "target_name": "dev", "node_id": "model.ecb_risk.stg_inflation"} */
alter table "ecb_risk"."analytics_staging"."stg_inflation__dbt_tmp" rename to "stg_inflation"
[0m22:12:15.462315 [debug] [Thread-3 (]: Using postgres connection "model.ecb_risk.stg_policy_rates_wide"
[0m22:12:15.462315 [debug] [Thread-2 (]: SQL status: DROP VIEW in 0.003 seconds
[0m22:12:15.462315 [debug] [Thread-3 (]: On model.ecb_risk.stg_policy_rates_wide: /* {"app": "dbt", "dbt_version": "1.8.3", "profile_name": "ecb_risk", "target_name": "dev", "node_id": "model.ecb_risk.stg_policy_rates_wide"} */
drop view if exists "ecb_risk"."analytics_staging"."stg_policy_rates_wide__dbt_backup" cascade
[0m22:12:15.462315 [debug] [Thread-2 (]: On model.ecb_risk.stg_fx_long: Close
[0m22:12:15.462315 [debug] [Thread-4 (]: SQL status: ALTER TABLE in 0.004 seconds
[0m22:12:15.474613 [debug] [Thread-2 (]: Sending event: {'category': 'dbt', 'action': 'run_model', 'label': 'a958fb38-ce8e-4ac6-9176-8bc293652596', 'context': [<snowplow_tracker.self_describing_json.SelfDescribingJson object at 0x000001B4EA2EC470>]}
[0m22:12:15.477396 [debug] [Thread-4 (]: On model.ecb_risk.stg_inflation: COMMIT
[0m22:12:15.477396 [debug] [Thread-3 (]: SQL status: DROP VIEW in 0.006 seconds
[0m22:12:15.479640 [info ] [Thread-2 (]: 9 of 37 OK created sql view model analytics_staging.stg_fx_long ................ [[32mCREATE VIEW[0m in 0.22s]
[0m22:12:15.481652 [debug] [Thread-4 (]: Using postgres connection "model.ecb_risk.stg_inflation"
[0m22:12:15.483897 [debug] [Thread-3 (]: On model.ecb_risk.stg_policy_rates_wide: Close
[0m22:12:15.483897 [debug] [Thread-2 (]: Finished running node model.ecb_risk.stg_fx_long
[0m22:12:15.487144 [debug] [Thread-4 (]: On model.ecb_risk.stg_inflation: COMMIT
[0m22:12:15.487144 [debug] [Thread-3 (]: Sending event: {'category': 'dbt', 'action': 'run_model', 'label': 'a958fb38-ce8e-4ac6-9176-8bc293652596', 'context': [<snowplow_tracker.self_describing_json.SelfDescribingJson object at 0x000001B4EA4BC140>]}
[0m22:12:15.487144 [debug] [Thread-1 (]: Began running node test.ecb_risk.accepted_values_stg_fx_long_series_id__EUR_USD__EUR_GBP__EUR_JPY__EUR_CHF.5042083915
[0m22:12:15.487144 [debug] [Thread-2 (]: Began running node test.ecb_risk.not_null_stg_fx_long_obs_date.fa626d8149
[0m22:12:15.487144 [info ] [Thread-3 (]: 10 of 37 OK created sql view model analytics_staging.stg_policy_rates_wide ..... [[32mCREATE VIEW[0m in 0.23s]
[0m22:12:15.493458 [info ] [Thread-1 (]: 12 of 37 START test accepted_values_stg_fx_long_series_id__EUR_USD__EUR_GBP__EUR_JPY__EUR_CHF  [RUN]
[0m22:12:15.493458 [debug] [Thread-4 (]: SQL status: COMMIT in 0.005 seconds
[0m22:12:15.493458 [info ] [Thread-2 (]: 13 of 37 START test not_null_stg_fx_long_obs_date .............................. [RUN]
[0m22:12:15.493458 [debug] [Thread-3 (]: Finished running node model.ecb_risk.stg_policy_rates_wide
[0m22:12:15.493458 [debug] [Thread-1 (]: Re-using an available connection from the pool (formerly test.ecb_risk.unique_stg_calendar_cal_date.fae5f55a61, now test.ecb_risk.accepted_values_stg_fx_long_series_id__EUR_USD__EUR_GBP__EUR_JPY__EUR_CHF.5042083915)
[0m22:12:15.493458 [debug] [Thread-4 (]: Applying DROP to: "ecb_risk"."analytics_staging"."stg_inflation__dbt_backup"
[0m22:12:15.493458 [debug] [Thread-2 (]: Re-using an available connection from the pool (formerly model.ecb_risk.stg_fx_long, now test.ecb_risk.not_null_stg_fx_long_obs_date.fa626d8149)
[0m22:12:15.493458 [debug] [Thread-3 (]: Began running node test.ecb_risk.not_null_stg_fx_long_rate.273e94dac6
[0m22:12:15.509395 [debug] [Thread-1 (]: Began compiling node test.ecb_risk.accepted_values_stg_fx_long_series_id__EUR_USD__EUR_GBP__EUR_JPY__EUR_CHF.5042083915
[0m22:12:15.509395 [debug] [Thread-4 (]: Using postgres connection "model.ecb_risk.stg_inflation"
[0m22:12:15.509395 [debug] [Thread-2 (]: Began compiling node test.ecb_risk.not_null_stg_fx_long_obs_date.fa626d8149
[0m22:12:15.516170 [debug] [Thread-1 (]: Writing injected SQL for node "test.ecb_risk.accepted_values_stg_fx_long_series_id__EUR_USD__EUR_GBP__EUR_JPY__EUR_CHF.5042083915"
[0m22:12:15.509395 [info ] [Thread-3 (]: 14 of 37 START test not_null_stg_fx_long_rate .................................. [RUN]
[0m22:12:15.516170 [debug] [Thread-4 (]: On model.ecb_risk.stg_inflation: /* {"app": "dbt", "dbt_version": "1.8.3", "profile_name": "ecb_risk", "target_name": "dev", "node_id": "model.ecb_risk.stg_inflation"} */
drop view if exists "ecb_risk"."analytics_staging"."stg_inflation__dbt_backup" cascade
[0m22:12:15.525134 [debug] [Thread-2 (]: Writing injected SQL for node "test.ecb_risk.not_null_stg_fx_long_obs_date.fa626d8149"
[0m22:12:15.525134 [debug] [Thread-3 (]: Re-using an available connection from the pool (formerly model.ecb_risk.stg_policy_rates_wide, now test.ecb_risk.not_null_stg_fx_long_rate.273e94dac6)
[0m22:12:15.525134 [debug] [Thread-1 (]: Began executing node test.ecb_risk.accepted_values_stg_fx_long_series_id__EUR_USD__EUR_GBP__EUR_JPY__EUR_CHF.5042083915
[0m22:12:15.525134 [debug] [Thread-3 (]: Began compiling node test.ecb_risk.not_null_stg_fx_long_rate.273e94dac6
[0m22:12:15.525134 [debug] [Thread-4 (]: SQL status: DROP VIEW in 0.003 seconds
[0m22:12:15.543409 [debug] [Thread-1 (]: Writing runtime sql for node "test.ecb_risk.accepted_values_stg_fx_long_series_id__EUR_USD__EUR_GBP__EUR_JPY__EUR_CHF.5042083915"
[0m22:12:15.544406 [debug] [Thread-2 (]: Began executing node test.ecb_risk.not_null_stg_fx_long_obs_date.fa626d8149
[0m22:12:15.551406 [debug] [Thread-3 (]: Writing injected SQL for node "test.ecb_risk.not_null_stg_fx_long_rate.273e94dac6"
[0m22:12:15.554418 [debug] [Thread-4 (]: On model.ecb_risk.stg_inflation: Close
[0m22:12:15.554418 [debug] [Thread-2 (]: Writing runtime sql for node "test.ecb_risk.not_null_stg_fx_long_obs_date.fa626d8149"
[0m22:12:15.554418 [debug] [Thread-1 (]: Using postgres connection "test.ecb_risk.accepted_values_stg_fx_long_series_id__EUR_USD__EUR_GBP__EUR_JPY__EUR_CHF.5042083915"
[0m22:12:15.554418 [debug] [Thread-4 (]: Sending event: {'category': 'dbt', 'action': 'run_model', 'label': 'a958fb38-ce8e-4ac6-9176-8bc293652596', 'context': [<snowplow_tracker.self_describing_json.SelfDescribingJson object at 0x000001B4EA49E2A0>]}
[0m22:12:15.554418 [debug] [Thread-1 (]: On test.ecb_risk.accepted_values_stg_fx_long_series_id__EUR_USD__EUR_GBP__EUR_JPY__EUR_CHF.5042083915: BEGIN
[0m22:12:15.554418 [debug] [Thread-3 (]: Began executing node test.ecb_risk.not_null_stg_fx_long_rate.273e94dac6
[0m22:12:15.554418 [info ] [Thread-4 (]: 11 of 37 OK created sql view model analytics_staging.stg_inflation ............. [[32mCREATE VIEW[0m in 0.21s]
[0m22:12:15.554418 [debug] [Thread-1 (]: Opening a new connection, currently in state closed
[0m22:12:15.554418 [debug] [Thread-2 (]: Using postgres connection "test.ecb_risk.not_null_stg_fx_long_obs_date.fa626d8149"
[0m22:12:15.574994 [debug] [Thread-3 (]: Writing runtime sql for node "test.ecb_risk.not_null_stg_fx_long_rate.273e94dac6"
[0m22:12:15.574994 [debug] [Thread-4 (]: Finished running node model.ecb_risk.stg_inflation
[0m22:12:15.577009 [debug] [Thread-2 (]: On test.ecb_risk.not_null_stg_fx_long_obs_date.fa626d8149: BEGIN
[0m22:12:15.579028 [debug] [Thread-4 (]: Began running node test.ecb_risk.not_null_stg_fx_long_series_id.415673a775
[0m22:12:15.579028 [debug] [Thread-2 (]: Opening a new connection, currently in state closed
[0m22:12:15.579028 [debug] [Thread-3 (]: Using postgres connection "test.ecb_risk.not_null_stg_fx_long_rate.273e94dac6"
[0m22:12:15.579028 [info ] [Thread-4 (]: 15 of 37 START test not_null_stg_fx_long_series_id ............................. [RUN]
[0m22:12:15.585417 [debug] [Thread-3 (]: On test.ecb_risk.not_null_stg_fx_long_rate.273e94dac6: BEGIN
[0m22:12:15.586431 [debug] [Thread-4 (]: Re-using an available connection from the pool (formerly model.ecb_risk.stg_inflation, now test.ecb_risk.not_null_stg_fx_long_series_id.415673a775)
[0m22:12:15.586431 [debug] [Thread-3 (]: Opening a new connection, currently in state closed
[0m22:12:15.589356 [debug] [Thread-4 (]: Began compiling node test.ecb_risk.not_null_stg_fx_long_series_id.415673a775
[0m22:12:15.589356 [debug] [Thread-4 (]: Writing injected SQL for node "test.ecb_risk.not_null_stg_fx_long_series_id.415673a775"
[0m22:12:15.603219 [debug] [Thread-4 (]: Began executing node test.ecb_risk.not_null_stg_fx_long_series_id.415673a775
[0m22:12:15.610254 [debug] [Thread-4 (]: Writing runtime sql for node "test.ecb_risk.not_null_stg_fx_long_series_id.415673a775"
[0m22:12:15.612274 [debug] [Thread-4 (]: Using postgres connection "test.ecb_risk.not_null_stg_fx_long_series_id.415673a775"
[0m22:12:15.612274 [debug] [Thread-4 (]: On test.ecb_risk.not_null_stg_fx_long_series_id.415673a775: BEGIN
[0m22:12:15.612274 [debug] [Thread-4 (]: Opening a new connection, currently in state closed
[0m22:12:15.616122 [debug] [Thread-1 (]: SQL status: BEGIN in 0.048 seconds
[0m22:12:15.618164 [debug] [Thread-1 (]: Using postgres connection "test.ecb_risk.accepted_values_stg_fx_long_series_id__EUR_USD__EUR_GBP__EUR_JPY__EUR_CHF.5042083915"
[0m22:12:15.619180 [debug] [Thread-1 (]: On test.ecb_risk.accepted_values_stg_fx_long_series_id__EUR_USD__EUR_GBP__EUR_JPY__EUR_CHF.5042083915: /* {"app": "dbt", "dbt_version": "1.8.3", "profile_name": "ecb_risk", "target_name": "dev", "node_id": "test.ecb_risk.accepted_values_stg_fx_long_series_id__EUR_USD__EUR_GBP__EUR_JPY__EUR_CHF.5042083915"} */
select
      count(*) as failures,
      count(*) != 0 as should_warn,
      count(*) != 0 as should_error
    from (
      
    
    

with all_values as (

    select
        series_id as value_field,
        count(*) as n_records

    from "ecb_risk"."analytics_staging"."stg_fx_long"
    group by series_id

)

select *
from all_values
where value_field not in (
    'EUR_USD','EUR_GBP','EUR_JPY','EUR_CHF'
)



      
    ) dbt_internal_test
[0m22:12:15.619180 [debug] [Thread-2 (]: SQL status: BEGIN in 0.040 seconds
[0m22:12:15.619180 [debug] [Thread-2 (]: Using postgres connection "test.ecb_risk.not_null_stg_fx_long_obs_date.fa626d8149"
[0m22:12:15.619180 [debug] [Thread-2 (]: On test.ecb_risk.not_null_stg_fx_long_obs_date.fa626d8149: /* {"app": "dbt", "dbt_version": "1.8.3", "profile_name": "ecb_risk", "target_name": "dev", "node_id": "test.ecb_risk.not_null_stg_fx_long_obs_date.fa626d8149"} */
select
      count(*) as failures,
      count(*) != 0 as should_warn,
      count(*) != 0 as should_error
    from (
      
    
    



select obs_date
from "ecb_risk"."analytics_staging"."stg_fx_long"
where obs_date is null



      
    ) dbt_internal_test
[0m22:12:15.619180 [debug] [Thread-3 (]: SQL status: BEGIN in 0.039 seconds
[0m22:12:15.619180 [debug] [Thread-3 (]: Using postgres connection "test.ecb_risk.not_null_stg_fx_long_rate.273e94dac6"
[0m22:12:15.629305 [debug] [Thread-2 (]: SQL status: SELECT 1 in 0.005 seconds
[0m22:12:15.629305 [debug] [Thread-3 (]: On test.ecb_risk.not_null_stg_fx_long_rate.273e94dac6: /* {"app": "dbt", "dbt_version": "1.8.3", "profile_name": "ecb_risk", "target_name": "dev", "node_id": "test.ecb_risk.not_null_stg_fx_long_rate.273e94dac6"} */
select
      count(*) as failures,
      count(*) != 0 as should_warn,
      count(*) != 0 as should_error
    from (
      
    
    



select rate
from "ecb_risk"."analytics_staging"."stg_fx_long"
where rate is null



      
    ) dbt_internal_test
[0m22:12:15.634103 [debug] [Thread-2 (]: On test.ecb_risk.not_null_stg_fx_long_obs_date.fa626d8149: ROLLBACK
[0m22:12:15.634697 [debug] [Thread-1 (]: SQL status: SELECT 1 in 0.014 seconds
[0m22:12:15.634697 [debug] [Thread-2 (]: On test.ecb_risk.not_null_stg_fx_long_obs_date.fa626d8149: Close
[0m22:12:15.634697 [debug] [Thread-1 (]: On test.ecb_risk.accepted_values_stg_fx_long_series_id__EUR_USD__EUR_GBP__EUR_JPY__EUR_CHF.5042083915: ROLLBACK
[0m22:12:15.634697 [info ] [Thread-2 (]: 13 of 37 PASS not_null_stg_fx_long_obs_date .................................... [[32mPASS[0m in 0.14s]
[0m22:12:15.634697 [debug] [Thread-1 (]: On test.ecb_risk.accepted_values_stg_fx_long_series_id__EUR_USD__EUR_GBP__EUR_JPY__EUR_CHF.5042083915: Close
[0m22:12:15.634697 [debug] [Thread-2 (]: Finished running node test.ecb_risk.not_null_stg_fx_long_obs_date.fa626d8149
[0m22:12:15.634697 [debug] [Thread-2 (]: Began running node test.ecb_risk.not_null_stg_policy_rates_wide_obs_date.2386e7f642
[0m22:12:15.634697 [info ] [Thread-1 (]: 12 of 37 PASS accepted_values_stg_fx_long_series_id__EUR_USD__EUR_GBP__EUR_JPY__EUR_CHF  [[32mPASS[0m in 0.14s]
[0m22:12:15.647736 [info ] [Thread-2 (]: 16 of 37 START test not_null_stg_policy_rates_wide_obs_date .................... [RUN]
[0m22:12:15.649758 [debug] [Thread-1 (]: Finished running node test.ecb_risk.accepted_values_stg_fx_long_series_id__EUR_USD__EUR_GBP__EUR_JPY__EUR_CHF.5042083915
[0m22:12:15.649758 [debug] [Thread-2 (]: Re-using an available connection from the pool (formerly test.ecb_risk.not_null_stg_fx_long_obs_date.fa626d8149, now test.ecb_risk.not_null_stg_policy_rates_wide_obs_date.2386e7f642)
[0m22:12:15.651775 [debug] [Thread-1 (]: Began running node test.ecb_risk.unique_stg_policy_rates_wide_obs_date.5486cd3dea
[0m22:12:15.653809 [debug] [Thread-3 (]: SQL status: SELECT 1 in 0.019 seconds
[0m22:12:15.655261 [debug] [Thread-2 (]: Began compiling node test.ecb_risk.not_null_stg_policy_rates_wide_obs_date.2386e7f642
[0m22:12:15.656268 [info ] [Thread-1 (]: 17 of 37 START test unique_stg_policy_rates_wide_obs_date ...................... [RUN]
[0m22:12:15.659266 [debug] [Thread-3 (]: On test.ecb_risk.not_null_stg_fx_long_rate.273e94dac6: ROLLBACK
[0m22:12:15.659266 [debug] [Thread-4 (]: SQL status: BEGIN in 0.045 seconds
[0m22:12:15.667476 [debug] [Thread-2 (]: Writing injected SQL for node "test.ecb_risk.not_null_stg_policy_rates_wide_obs_date.2386e7f642"
[0m22:12:15.667476 [debug] [Thread-1 (]: Re-using an available connection from the pool (formerly test.ecb_risk.accepted_values_stg_fx_long_series_id__EUR_USD__EUR_GBP__EUR_JPY__EUR_CHF.5042083915, now test.ecb_risk.unique_stg_policy_rates_wide_obs_date.5486cd3dea)
[0m22:12:15.667476 [debug] [Thread-4 (]: Using postgres connection "test.ecb_risk.not_null_stg_fx_long_series_id.415673a775"
[0m22:12:15.667476 [debug] [Thread-3 (]: On test.ecb_risk.not_null_stg_fx_long_rate.273e94dac6: Close
[0m22:12:15.667476 [debug] [Thread-1 (]: Began compiling node test.ecb_risk.unique_stg_policy_rates_wide_obs_date.5486cd3dea
[0m22:12:15.667476 [debug] [Thread-4 (]: On test.ecb_risk.not_null_stg_fx_long_series_id.415673a775: /* {"app": "dbt", "dbt_version": "1.8.3", "profile_name": "ecb_risk", "target_name": "dev", "node_id": "test.ecb_risk.not_null_stg_fx_long_series_id.415673a775"} */
select
      count(*) as failures,
      count(*) != 0 as should_warn,
      count(*) != 0 as should_error
    from (
      
    
    



select series_id
from "ecb_risk"."analytics_staging"."stg_fx_long"
where series_id is null



      
    ) dbt_internal_test
[0m22:12:15.683593 [debug] [Thread-1 (]: Writing injected SQL for node "test.ecb_risk.unique_stg_policy_rates_wide_obs_date.5486cd3dea"
[0m22:12:15.683593 [debug] [Thread-2 (]: Began executing node test.ecb_risk.not_null_stg_policy_rates_wide_obs_date.2386e7f642
[0m22:12:15.683593 [info ] [Thread-3 (]: 14 of 37 PASS not_null_stg_fx_long_rate ........................................ [[32mPASS[0m in 0.16s]
[0m22:12:15.699258 [debug] [Thread-2 (]: Writing runtime sql for node "test.ecb_risk.not_null_stg_policy_rates_wide_obs_date.2386e7f642"
[0m22:12:15.699258 [debug] [Thread-4 (]: SQL status: SELECT 1 in 0.006 seconds
[0m22:12:15.699258 [debug] [Thread-3 (]: Finished running node test.ecb_risk.not_null_stg_fx_long_rate.273e94dac6
[0m22:12:15.699258 [debug] [Thread-1 (]: Began executing node test.ecb_risk.unique_stg_policy_rates_wide_obs_date.5486cd3dea
[0m22:12:15.699258 [debug] [Thread-4 (]: On test.ecb_risk.not_null_stg_fx_long_series_id.415673a775: ROLLBACK
[0m22:12:15.699258 [debug] [Thread-3 (]: Began running node test.ecb_risk.not_null_stg_inflation_obs_date.3d8582eb22
[0m22:12:15.699258 [debug] [Thread-2 (]: Using postgres connection "test.ecb_risk.not_null_stg_policy_rates_wide_obs_date.2386e7f642"
[0m22:12:15.699258 [debug] [Thread-1 (]: Writing runtime sql for node "test.ecb_risk.unique_stg_policy_rates_wide_obs_date.5486cd3dea"
[0m22:12:15.715268 [info ] [Thread-3 (]: 18 of 37 START test not_null_stg_inflation_obs_date ............................ [RUN]
[0m22:12:15.716283 [debug] [Thread-4 (]: On test.ecb_risk.not_null_stg_fx_long_series_id.415673a775: Close
[0m22:12:15.716283 [debug] [Thread-2 (]: On test.ecb_risk.not_null_stg_policy_rates_wide_obs_date.2386e7f642: BEGIN
[0m22:12:15.716283 [debug] [Thread-3 (]: Re-using an available connection from the pool (formerly test.ecb_risk.not_null_stg_fx_long_rate.273e94dac6, now test.ecb_risk.not_null_stg_inflation_obs_date.3d8582eb22)
[0m22:12:15.716283 [debug] [Thread-2 (]: Opening a new connection, currently in state closed
[0m22:12:15.716283 [debug] [Thread-1 (]: Using postgres connection "test.ecb_risk.unique_stg_policy_rates_wide_obs_date.5486cd3dea"
[0m22:12:15.716283 [info ] [Thread-4 (]: 15 of 37 PASS not_null_stg_fx_long_series_id ................................... [[32mPASS[0m in 0.13s]
[0m22:12:15.716283 [debug] [Thread-3 (]: Began compiling node test.ecb_risk.not_null_stg_inflation_obs_date.3d8582eb22
[0m22:12:15.726748 [debug] [Thread-1 (]: On test.ecb_risk.unique_stg_policy_rates_wide_obs_date.5486cd3dea: BEGIN
[0m22:12:15.726748 [debug] [Thread-4 (]: Finished running node test.ecb_risk.not_null_stg_fx_long_series_id.415673a775
[0m22:12:15.731017 [debug] [Thread-3 (]: Writing injected SQL for node "test.ecb_risk.not_null_stg_inflation_obs_date.3d8582eb22"
[0m22:12:15.731017 [debug] [Thread-1 (]: Opening a new connection, currently in state closed
[0m22:12:15.731017 [debug] [Thread-4 (]: Began running node test.ecb_risk.unique_stg_inflation_obs_date.1b9a3e7016
[0m22:12:15.731017 [info ] [Thread-4 (]: 19 of 37 START test unique_stg_inflation_obs_date .............................. [RUN]
[0m22:12:15.743006 [debug] [Thread-4 (]: Re-using an available connection from the pool (formerly test.ecb_risk.not_null_stg_fx_long_series_id.415673a775, now test.ecb_risk.unique_stg_inflation_obs_date.1b9a3e7016)
[0m22:12:15.743006 [debug] [Thread-3 (]: Began executing node test.ecb_risk.not_null_stg_inflation_obs_date.3d8582eb22
[0m22:12:15.747105 [debug] [Thread-4 (]: Began compiling node test.ecb_risk.unique_stg_inflation_obs_date.1b9a3e7016
[0m22:12:15.752280 [debug] [Thread-3 (]: Writing runtime sql for node "test.ecb_risk.not_null_stg_inflation_obs_date.3d8582eb22"
[0m22:12:15.760290 [debug] [Thread-4 (]: Writing injected SQL for node "test.ecb_risk.unique_stg_inflation_obs_date.1b9a3e7016"
[0m22:12:15.762284 [debug] [Thread-3 (]: Using postgres connection "test.ecb_risk.not_null_stg_inflation_obs_date.3d8582eb22"
[0m22:12:15.763282 [debug] [Thread-4 (]: Began executing node test.ecb_risk.unique_stg_inflation_obs_date.1b9a3e7016
[0m22:12:15.764277 [debug] [Thread-2 (]: SQL status: BEGIN in 0.044 seconds
[0m22:12:15.765274 [debug] [Thread-3 (]: On test.ecb_risk.not_null_stg_inflation_obs_date.3d8582eb22: BEGIN
[0m22:12:15.770271 [debug] [Thread-4 (]: Writing runtime sql for node "test.ecb_risk.unique_stg_inflation_obs_date.1b9a3e7016"
[0m22:12:15.771357 [debug] [Thread-2 (]: Using postgres connection "test.ecb_risk.not_null_stg_policy_rates_wide_obs_date.2386e7f642"
[0m22:12:15.772281 [debug] [Thread-3 (]: Opening a new connection, currently in state closed
[0m22:12:15.772281 [debug] [Thread-2 (]: On test.ecb_risk.not_null_stg_policy_rates_wide_obs_date.2386e7f642: /* {"app": "dbt", "dbt_version": "1.8.3", "profile_name": "ecb_risk", "target_name": "dev", "node_id": "test.ecb_risk.not_null_stg_policy_rates_wide_obs_date.2386e7f642"} */
select
      count(*) as failures,
      count(*) != 0 as should_warn,
      count(*) != 0 as should_error
    from (
      
    
    



select obs_date
from "ecb_risk"."analytics_staging"."stg_policy_rates_wide"
where obs_date is null



      
    ) dbt_internal_test
[0m22:12:15.772281 [debug] [Thread-4 (]: Using postgres connection "test.ecb_risk.unique_stg_inflation_obs_date.1b9a3e7016"
[0m22:12:15.772281 [debug] [Thread-1 (]: SQL status: BEGIN in 0.037 seconds
[0m22:12:15.772281 [debug] [Thread-4 (]: On test.ecb_risk.unique_stg_inflation_obs_date.1b9a3e7016: BEGIN
[0m22:12:15.772281 [debug] [Thread-1 (]: Using postgres connection "test.ecb_risk.unique_stg_policy_rates_wide_obs_date.5486cd3dea"
[0m22:12:15.772281 [debug] [Thread-4 (]: Opening a new connection, currently in state closed
[0m22:12:15.772281 [debug] [Thread-2 (]: SQL status: SELECT 1 in 0.005 seconds
[0m22:12:15.772281 [debug] [Thread-1 (]: On test.ecb_risk.unique_stg_policy_rates_wide_obs_date.5486cd3dea: /* {"app": "dbt", "dbt_version": "1.8.3", "profile_name": "ecb_risk", "target_name": "dev", "node_id": "test.ecb_risk.unique_stg_policy_rates_wide_obs_date.5486cd3dea"} */
select
      count(*) as failures,
      count(*) != 0 as should_warn,
      count(*) != 0 as should_error
    from (
      
    
    

select
    obs_date as unique_field,
    count(*) as n_records

from "ecb_risk"."analytics_staging"."stg_policy_rates_wide"
where obs_date is not null
group by obs_date
having count(*) > 1



      
    ) dbt_internal_test
[0m22:12:15.785049 [debug] [Thread-2 (]: On test.ecb_risk.not_null_stg_policy_rates_wide_obs_date.2386e7f642: ROLLBACK
[0m22:12:15.789764 [debug] [Thread-2 (]: On test.ecb_risk.not_null_stg_policy_rates_wide_obs_date.2386e7f642: Close
[0m22:12:15.789764 [info ] [Thread-2 (]: 16 of 37 PASS not_null_stg_policy_rates_wide_obs_date .......................... [[32mPASS[0m in 0.14s]
[0m22:12:15.789764 [debug] [Thread-2 (]: Finished running node test.ecb_risk.not_null_stg_policy_rates_wide_obs_date.2386e7f642
[0m22:12:15.794333 [debug] [Thread-2 (]: Began running node model.ecb_risk.stg_fx_wide
[0m22:12:15.796557 [info ] [Thread-2 (]: 20 of 37 START sql view model analytics_staging.stg_fx_wide .................... [RUN]
[0m22:12:15.796557 [debug] [Thread-2 (]: Re-using an available connection from the pool (formerly test.ecb_risk.not_null_stg_policy_rates_wide_obs_date.2386e7f642, now model.ecb_risk.stg_fx_wide)
[0m22:12:15.798992 [debug] [Thread-2 (]: Began compiling node model.ecb_risk.stg_fx_wide
[0m22:12:15.804886 [debug] [Thread-2 (]: Writing injected SQL for node "model.ecb_risk.stg_fx_wide"
[0m22:12:15.804886 [debug] [Thread-1 (]: SQL status: SELECT 1 in 0.019 seconds
[0m22:12:15.810144 [debug] [Thread-1 (]: On test.ecb_risk.unique_stg_policy_rates_wide_obs_date.5486cd3dea: ROLLBACK
[0m22:12:15.810144 [debug] [Thread-3 (]: SQL status: BEGIN in 0.039 seconds
[0m22:12:15.810144 [debug] [Thread-3 (]: Using postgres connection "test.ecb_risk.not_null_stg_inflation_obs_date.3d8582eb22"
[0m22:12:15.810144 [debug] [Thread-2 (]: Began executing node model.ecb_risk.stg_fx_wide
[0m22:12:15.810144 [debug] [Thread-1 (]: On test.ecb_risk.unique_stg_policy_rates_wide_obs_date.5486cd3dea: Close
[0m22:12:15.816407 [debug] [Thread-3 (]: On test.ecb_risk.not_null_stg_inflation_obs_date.3d8582eb22: /* {"app": "dbt", "dbt_version": "1.8.3", "profile_name": "ecb_risk", "target_name": "dev", "node_id": "test.ecb_risk.not_null_stg_inflation_obs_date.3d8582eb22"} */
select
      count(*) as failures,
      count(*) != 0 as should_warn,
      count(*) != 0 as should_error
    from (
      
    
    



select obs_date
from "ecb_risk"."analytics_staging"."stg_inflation"
where obs_date is null



      
    ) dbt_internal_test
[0m22:12:15.821117 [debug] [Thread-2 (]: Writing runtime sql for node "model.ecb_risk.stg_fx_wide"
[0m22:12:15.821117 [debug] [Thread-4 (]: SQL status: BEGIN in 0.044 seconds
[0m22:12:15.821117 [info ] [Thread-1 (]: 17 of 37 PASS unique_stg_policy_rates_wide_obs_date ............................ [[32mPASS[0m in 0.15s]
[0m22:12:15.828405 [debug] [Thread-4 (]: Using postgres connection "test.ecb_risk.unique_stg_inflation_obs_date.1b9a3e7016"
[0m22:12:15.828405 [debug] [Thread-1 (]: Finished running node test.ecb_risk.unique_stg_policy_rates_wide_obs_date.5486cd3dea
[0m22:12:15.828405 [debug] [Thread-4 (]: On test.ecb_risk.unique_stg_inflation_obs_date.1b9a3e7016: /* {"app": "dbt", "dbt_version": "1.8.3", "profile_name": "ecb_risk", "target_name": "dev", "node_id": "test.ecb_risk.unique_stg_inflation_obs_date.1b9a3e7016"} */
select
      count(*) as failures,
      count(*) != 0 as should_warn,
      count(*) != 0 as should_error
    from (
      
    
    

select
    obs_date as unique_field,
    count(*) as n_records

from "ecb_risk"."analytics_staging"."stg_inflation"
where obs_date is not null
group by obs_date
having count(*) > 1



      
    ) dbt_internal_test
[0m22:12:15.828405 [debug] [Thread-2 (]: Using postgres connection "model.ecb_risk.stg_fx_wide"
[0m22:12:15.828405 [debug] [Thread-3 (]: SQL status: SELECT 1 in 0.008 seconds
[0m22:12:15.834297 [debug] [Thread-2 (]: On model.ecb_risk.stg_fx_wide: BEGIN
[0m22:12:15.836445 [debug] [Thread-3 (]: On test.ecb_risk.not_null_stg_inflation_obs_date.3d8582eb22: ROLLBACK
[0m22:12:15.836445 [debug] [Thread-2 (]: Opening a new connection, currently in state closed
[0m22:12:15.836445 [debug] [Thread-3 (]: On test.ecb_risk.not_null_stg_inflation_obs_date.3d8582eb22: Close
[0m22:12:15.836445 [info ] [Thread-3 (]: 18 of 37 PASS not_null_stg_inflation_obs_date .................................. [[32mPASS[0m in 0.12s]
[0m22:12:15.845392 [debug] [Thread-3 (]: Finished running node test.ecb_risk.not_null_stg_inflation_obs_date.3d8582eb22
[0m22:12:15.872799 [debug] [Thread-2 (]: SQL status: BEGIN in 0.033 seconds
[0m22:12:15.873798 [debug] [Thread-2 (]: Using postgres connection "model.ecb_risk.stg_fx_wide"
[0m22:12:15.874550 [debug] [Thread-2 (]: On model.ecb_risk.stg_fx_wide: /* {"app": "dbt", "dbt_version": "1.8.3", "profile_name": "ecb_risk", "target_name": "dev", "node_id": "model.ecb_risk.stg_fx_wide"} */

  create view "ecb_risk"."analytics_staging"."stg_fx_wide__dbt_tmp"
    
    
  as (
    -- FX rates pivoted: one row per date, one column per pair.


select
    obs_date,
    max(case when series_id = 'EUR_USD' then rate end) as eur_usd,
    max(case when series_id = 'EUR_GBP' then rate end) as eur_gbp,
    max(case when series_id = 'EUR_JPY' then rate end) as eur_jpy,
    max(case when series_id = 'EUR_CHF' then rate end) as eur_chf
from "ecb_risk"."analytics_staging"."stg_fx_long"
group by obs_date
  );
[0m22:12:15.880321 [debug] [Thread-2 (]: SQL status: CREATE VIEW in 0.005 seconds
[0m22:12:15.882313 [debug] [Thread-2 (]: Using postgres connection "model.ecb_risk.stg_fx_wide"
[0m22:12:15.882313 [debug] [Thread-2 (]: On model.ecb_risk.stg_fx_wide: /* {"app": "dbt", "dbt_version": "1.8.3", "profile_name": "ecb_risk", "target_name": "dev", "node_id": "model.ecb_risk.stg_fx_wide"} */
alter table "ecb_risk"."analytics_staging"."stg_fx_wide__dbt_tmp" rename to "stg_fx_wide"
[0m22:12:15.882313 [debug] [Thread-2 (]: SQL status: ALTER TABLE in 0.002 seconds
[0m22:12:15.882313 [debug] [Thread-2 (]: On model.ecb_risk.stg_fx_wide: COMMIT
[0m22:12:15.882313 [debug] [Thread-2 (]: Using postgres connection "model.ecb_risk.stg_fx_wide"
[0m22:12:15.882313 [debug] [Thread-2 (]: On model.ecb_risk.stg_fx_wide: COMMIT
[0m22:12:15.897950 [debug] [Thread-2 (]: SQL status: COMMIT in 0.005 seconds
[0m22:12:15.905619 [debug] [Thread-2 (]: Applying DROP to: "ecb_risk"."analytics_staging"."stg_fx_wide__dbt_backup"
[0m22:12:15.906149 [debug] [Thread-2 (]: Using postgres connection "model.ecb_risk.stg_fx_wide"
[0m22:12:15.906149 [debug] [Thread-2 (]: On model.ecb_risk.stg_fx_wide: /* {"app": "dbt", "dbt_version": "1.8.3", "profile_name": "ecb_risk", "target_name": "dev", "node_id": "model.ecb_risk.stg_fx_wide"} */
drop view if exists "ecb_risk"."analytics_staging"."stg_fx_wide__dbt_backup" cascade
[0m22:12:15.906149 [debug] [Thread-2 (]: SQL status: DROP VIEW in 0.002 seconds
[0m22:12:15.906149 [debug] [Thread-2 (]: On model.ecb_risk.stg_fx_wide: Close
[0m22:12:15.913960 [debug] [Thread-2 (]: Sending event: {'category': 'dbt', 'action': 'run_model', 'label': 'a958fb38-ce8e-4ac6-9176-8bc293652596', 'context': [<snowplow_tracker.self_describing_json.SelfDescribingJson object at 0x000001B4EA4CD910>]}
[0m22:12:15.913960 [info ] [Thread-2 (]: 20 of 37 OK created sql view model analytics_staging.stg_fx_wide ............... [[32mCREATE VIEW[0m in 0.12s]
[0m22:12:15.916600 [debug] [Thread-2 (]: Finished running node model.ecb_risk.stg_fx_wide
[0m22:12:15.918618 [debug] [Thread-1 (]: Began running node test.ecb_risk.not_null_stg_fx_wide_obs_date.dbd9eb52ef
[0m22:12:15.920630 [debug] [Thread-3 (]: Began running node test.ecb_risk.unique_stg_fx_wide_obs_date.6190e5ffa9
[0m22:12:15.920630 [info ] [Thread-1 (]: 21 of 37 START test not_null_stg_fx_wide_obs_date .............................. [RUN]
[0m22:12:15.920630 [info ] [Thread-3 (]: 22 of 37 START test unique_stg_fx_wide_obs_date ................................ [RUN]
[0m22:12:15.920630 [debug] [Thread-1 (]: Re-using an available connection from the pool (formerly test.ecb_risk.unique_stg_policy_rates_wide_obs_date.5486cd3dea, now test.ecb_risk.not_null_stg_fx_wide_obs_date.dbd9eb52ef)
[0m22:12:15.920630 [debug] [Thread-3 (]: Re-using an available connection from the pool (formerly test.ecb_risk.not_null_stg_inflation_obs_date.3d8582eb22, now test.ecb_risk.unique_stg_fx_wide_obs_date.6190e5ffa9)
[0m22:12:15.920630 [debug] [Thread-1 (]: Began compiling node test.ecb_risk.not_null_stg_fx_wide_obs_date.dbd9eb52ef
[0m22:12:15.929879 [debug] [Thread-3 (]: Began compiling node test.ecb_risk.unique_stg_fx_wide_obs_date.6190e5ffa9
[0m22:12:16.018578 [debug] [Thread-1 (]: Writing injected SQL for node "test.ecb_risk.not_null_stg_fx_wide_obs_date.dbd9eb52ef"
[0m22:12:16.027266 [debug] [Thread-3 (]: Writing injected SQL for node "test.ecb_risk.unique_stg_fx_wide_obs_date.6190e5ffa9"
[0m22:12:16.029272 [debug] [Thread-1 (]: Began executing node test.ecb_risk.not_null_stg_fx_wide_obs_date.dbd9eb52ef
[0m22:12:16.030250 [debug] [Thread-3 (]: Began executing node test.ecb_risk.unique_stg_fx_wide_obs_date.6190e5ffa9
[0m22:12:16.034989 [debug] [Thread-1 (]: Writing runtime sql for node "test.ecb_risk.not_null_stg_fx_wide_obs_date.dbd9eb52ef"
[0m22:12:16.040472 [debug] [Thread-3 (]: Writing runtime sql for node "test.ecb_risk.unique_stg_fx_wide_obs_date.6190e5ffa9"
[0m22:12:16.042590 [debug] [Thread-1 (]: Using postgres connection "test.ecb_risk.not_null_stg_fx_wide_obs_date.dbd9eb52ef"
[0m22:12:16.044924 [debug] [Thread-3 (]: Using postgres connection "test.ecb_risk.unique_stg_fx_wide_obs_date.6190e5ffa9"
[0m22:12:16.045930 [debug] [Thread-1 (]: On test.ecb_risk.not_null_stg_fx_wide_obs_date.dbd9eb52ef: BEGIN
[0m22:12:16.046941 [debug] [Thread-3 (]: On test.ecb_risk.unique_stg_fx_wide_obs_date.6190e5ffa9: BEGIN
[0m22:12:16.047446 [debug] [Thread-1 (]: Opening a new connection, currently in state closed
[0m22:12:16.048544 [debug] [Thread-3 (]: Opening a new connection, currently in state closed
[0m22:12:16.088485 [debug] [Thread-3 (]: SQL status: BEGIN in 0.040 seconds
[0m22:12:16.089489 [debug] [Thread-3 (]: Using postgres connection "test.ecb_risk.unique_stg_fx_wide_obs_date.6190e5ffa9"
[0m22:12:16.090485 [debug] [Thread-1 (]: SQL status: BEGIN in 0.043 seconds
[0m22:12:16.091542 [debug] [Thread-3 (]: On test.ecb_risk.unique_stg_fx_wide_obs_date.6190e5ffa9: /* {"app": "dbt", "dbt_version": "1.8.3", "profile_name": "ecb_risk", "target_name": "dev", "node_id": "test.ecb_risk.unique_stg_fx_wide_obs_date.6190e5ffa9"} */
select
      count(*) as failures,
      count(*) != 0 as should_warn,
      count(*) != 0 as should_error
    from (
      
    
    

select
    obs_date as unique_field,
    count(*) as n_records

from "ecb_risk"."analytics_staging"."stg_fx_wide"
where obs_date is not null
group by obs_date
having count(*) > 1



      
    ) dbt_internal_test
[0m22:12:16.092483 [debug] [Thread-1 (]: Using postgres connection "test.ecb_risk.not_null_stg_fx_wide_obs_date.dbd9eb52ef"
[0m22:12:16.093484 [debug] [Thread-1 (]: On test.ecb_risk.not_null_stg_fx_wide_obs_date.dbd9eb52ef: /* {"app": "dbt", "dbt_version": "1.8.3", "profile_name": "ecb_risk", "target_name": "dev", "node_id": "test.ecb_risk.not_null_stg_fx_wide_obs_date.dbd9eb52ef"} */
select
      count(*) as failures,
      count(*) != 0 as should_warn,
      count(*) != 0 as should_error
    from (
      
    
    



select obs_date
from "ecb_risk"."analytics_staging"."stg_fx_wide"
where obs_date is null



      
    ) dbt_internal_test
[0m22:12:16.099493 [debug] [Thread-1 (]: SQL status: SELECT 1 in 0.004 seconds
[0m22:12:16.104249 [debug] [Thread-1 (]: On test.ecb_risk.not_null_stg_fx_wide_obs_date.dbd9eb52ef: ROLLBACK
[0m22:12:16.106459 [debug] [Thread-1 (]: On test.ecb_risk.not_null_stg_fx_wide_obs_date.dbd9eb52ef: Close
[0m22:12:16.107460 [info ] [Thread-1 (]: 21 of 37 PASS not_null_stg_fx_wide_obs_date .................................... [[32mPASS[0m in 0.19s]
[0m22:12:16.109458 [debug] [Thread-3 (]: SQL status: SELECT 1 in 0.016 seconds
[0m22:12:16.110455 [debug] [Thread-1 (]: Finished running node test.ecb_risk.not_null_stg_fx_wide_obs_date.dbd9eb52ef
[0m22:12:16.113972 [debug] [Thread-3 (]: On test.ecb_risk.unique_stg_fx_wide_obs_date.6190e5ffa9: ROLLBACK
[0m22:12:16.116477 [debug] [Thread-3 (]: On test.ecb_risk.unique_stg_fx_wide_obs_date.6190e5ffa9: Close
[0m22:12:16.118489 [info ] [Thread-3 (]: 22 of 37 PASS unique_stg_fx_wide_obs_date ...................................... [[32mPASS[0m in 0.20s]
[0m22:12:16.121493 [debug] [Thread-3 (]: Finished running node test.ecb_risk.unique_stg_fx_wide_obs_date.6190e5ffa9
[0m22:12:16.122492 [debug] [Thread-2 (]: Began running node model.ecb_risk.fct_fx_returns
[0m22:12:16.124500 [info ] [Thread-2 (]: 23 of 37 START sql table model analytics_marts.fct_fx_returns .................. [RUN]
[0m22:12:16.125494 [debug] [Thread-2 (]: Re-using an available connection from the pool (formerly model.ecb_risk.stg_fx_wide, now model.ecb_risk.fct_fx_returns)
[0m22:12:16.126576 [debug] [Thread-2 (]: Began compiling node model.ecb_risk.fct_fx_returns
[0m22:12:16.131833 [debug] [Thread-2 (]: Writing injected SQL for node "model.ecb_risk.fct_fx_returns"
[0m22:12:16.134837 [debug] [Thread-2 (]: Began executing node model.ecb_risk.fct_fx_returns
[0m22:12:16.142028 [debug] [Thread-2 (]: Writing runtime sql for node "model.ecb_risk.fct_fx_returns"
[0m22:12:16.145019 [debug] [Thread-2 (]: Using postgres connection "model.ecb_risk.fct_fx_returns"
[0m22:12:16.146113 [debug] [Thread-2 (]: On model.ecb_risk.fct_fx_returns: BEGIN
[0m22:12:16.147113 [debug] [Thread-2 (]: Opening a new connection, currently in state closed
[0m22:12:16.184047 [debug] [Thread-2 (]: SQL status: BEGIN in 0.037 seconds
[0m22:12:16.186046 [debug] [Thread-2 (]: Using postgres connection "model.ecb_risk.fct_fx_returns"
[0m22:12:16.187343 [debug] [Thread-2 (]: On model.ecb_risk.fct_fx_returns: /* {"app": "dbt", "dbt_version": "1.8.3", "profile_name": "ecb_risk", "target_name": "dev", "node_id": "model.ecb_risk.fct_fx_returns"} */

  
    

  create  table "ecb_risk"."analytics_marts"."fct_fx_returns__dbt_tmp"
  
  
    as
  
  (
    -- Daily FX log returns per pair, long form for downstream metric work.


with pivoted as (
    select * from "ecb_risk"."analytics_staging"."stg_fx_wide"
),
returns as (
    select
        obs_date,
        ln(eur_usd / nullif(lag(eur_usd) over (order by obs_date), 0)) as ret_eur_usd,
        ln(eur_gbp / nullif(lag(eur_gbp) over (order by obs_date), 0)) as ret_eur_gbp,
        ln(eur_jpy / nullif(lag(eur_jpy) over (order by obs_date), 0)) as ret_eur_jpy,
        ln(eur_chf / nullif(lag(eur_chf) over (order by obs_date), 0)) as ret_eur_chf
    from pivoted
)
-- Unpivot to long: easier for the dashboard + metrics module to filter by pair.
select obs_date, 'EUR_USD'::text as pair, ret_eur_usd as log_return from returns where ret_eur_usd is not null
union all
select obs_date, 'EUR_GBP', ret_eur_gbp from returns where ret_eur_gbp is not null
union all
select obs_date, 'EUR_JPY', ret_eur_jpy from returns where ret_eur_jpy is not null
union all
select obs_date, 'EUR_CHF', ret_eur_chf from returns where ret_eur_chf is not null
  );
  
[0m22:12:16.321809 [debug] [Thread-2 (]: SQL status: SELECT 11672 in 0.134 seconds
[0m22:12:16.327877 [debug] [Thread-2 (]: Using postgres connection "model.ecb_risk.fct_fx_returns"
[0m22:12:16.328874 [debug] [Thread-2 (]: On model.ecb_risk.fct_fx_returns: /* {"app": "dbt", "dbt_version": "1.8.3", "profile_name": "ecb_risk", "target_name": "dev", "node_id": "model.ecb_risk.fct_fx_returns"} */
alter table "ecb_risk"."analytics_marts"."fct_fx_returns__dbt_tmp" rename to "fct_fx_returns"
[0m22:12:16.331873 [debug] [Thread-2 (]: SQL status: ALTER TABLE in 0.002 seconds
[0m22:12:16.334877 [debug] [Thread-2 (]: On model.ecb_risk.fct_fx_returns: COMMIT
[0m22:12:16.335993 [debug] [Thread-2 (]: Using postgres connection "model.ecb_risk.fct_fx_returns"
[0m22:12:16.337002 [debug] [Thread-2 (]: On model.ecb_risk.fct_fx_returns: COMMIT
[0m22:12:16.345925 [debug] [Thread-2 (]: SQL status: COMMIT in 0.008 seconds
[0m22:12:16.351827 [debug] [Thread-2 (]: Applying DROP to: "ecb_risk"."analytics_marts"."fct_fx_returns__dbt_backup"
[0m22:12:16.354085 [debug] [Thread-2 (]: Using postgres connection "model.ecb_risk.fct_fx_returns"
[0m22:12:16.355166 [debug] [Thread-2 (]: On model.ecb_risk.fct_fx_returns: /* {"app": "dbt", "dbt_version": "1.8.3", "profile_name": "ecb_risk", "target_name": "dev", "node_id": "model.ecb_risk.fct_fx_returns"} */
drop table if exists "ecb_risk"."analytics_marts"."fct_fx_returns__dbt_backup" cascade
[0m22:12:16.358489 [debug] [Thread-2 (]: SQL status: DROP TABLE in 0.002 seconds
[0m22:12:16.361255 [debug] [Thread-2 (]: On model.ecb_risk.fct_fx_returns: Close
[0m22:12:16.362263 [debug] [Thread-2 (]: Sending event: {'category': 'dbt', 'action': 'run_model', 'label': 'a958fb38-ce8e-4ac6-9176-8bc293652596', 'context': [<snowplow_tracker.self_describing_json.SelfDescribingJson object at 0x000001B4E9B76C90>]}
[0m22:12:16.363694 [info ] [Thread-2 (]: 23 of 37 OK created sql table model analytics_marts.fct_fx_returns ............. [[32mSELECT 11672[0m in 0.24s]
[0m22:12:16.365773 [debug] [Thread-2 (]: Finished running node model.ecb_risk.fct_fx_returns
[0m22:12:16.366766 [debug] [Thread-3 (]: Began running node test.ecb_risk.accepted_values_fct_fx_returns_pair__EUR_USD__EUR_GBP__EUR_JPY__EUR_CHF.5d3e7ed43c
[0m22:12:16.367772 [debug] [Thread-1 (]: Began running node test.ecb_risk.dbt_utils_unique_combination_of_columns_fct_fx_returns_obs_date__pair.8eb61fb8bf
[0m22:12:16.370327 [debug] [Thread-2 (]: Began running node test.ecb_risk.not_null_fct_fx_returns_log_return.491a28b7c8
[0m22:12:16.371382 [info ] [Thread-3 (]: 24 of 37 START test accepted_values_fct_fx_returns_pair__EUR_USD__EUR_GBP__EUR_JPY__EUR_CHF  [RUN]
[0m22:12:16.372243 [info ] [Thread-1 (]: 25 of 37 START test dbt_utils_unique_combination_of_columns_fct_fx_returns_obs_date__pair  [RUN]
[0m22:12:16.374358 [info ] [Thread-2 (]: 26 of 37 START test not_null_fct_fx_returns_log_return ......................... [RUN]
[0m22:12:16.375353 [debug] [Thread-3 (]: Re-using an available connection from the pool (formerly test.ecb_risk.unique_stg_fx_wide_obs_date.6190e5ffa9, now test.ecb_risk.accepted_values_fct_fx_returns_pair__EUR_USD__EUR_GBP__EUR_JPY__EUR_CHF.5d3e7ed43c)
[0m22:12:16.376359 [debug] [Thread-1 (]: Re-using an available connection from the pool (formerly test.ecb_risk.not_null_stg_fx_wide_obs_date.dbd9eb52ef, now test.ecb_risk.dbt_utils_unique_combination_of_columns_fct_fx_returns_obs_date__pair.8eb61fb8bf)
[0m22:12:16.378561 [debug] [Thread-2 (]: Re-using an available connection from the pool (formerly model.ecb_risk.fct_fx_returns, now test.ecb_risk.not_null_fct_fx_returns_log_return.491a28b7c8)
[0m22:12:16.379559 [debug] [Thread-3 (]: Began compiling node test.ecb_risk.accepted_values_fct_fx_returns_pair__EUR_USD__EUR_GBP__EUR_JPY__EUR_CHF.5d3e7ed43c
[0m22:12:16.379559 [debug] [Thread-1 (]: Began compiling node test.ecb_risk.dbt_utils_unique_combination_of_columns_fct_fx_returns_obs_date__pair.8eb61fb8bf
[0m22:12:16.382105 [debug] [Thread-2 (]: Began compiling node test.ecb_risk.not_null_fct_fx_returns_log_return.491a28b7c8
[0m22:12:16.391972 [debug] [Thread-3 (]: Writing injected SQL for node "test.ecb_risk.accepted_values_fct_fx_returns_pair__EUR_USD__EUR_GBP__EUR_JPY__EUR_CHF.5d3e7ed43c"
[0m22:12:16.399966 [debug] [Thread-4 (]: SQL status: SELECT 1 in 0.565 seconds
[0m22:12:16.403095 [debug] [Thread-1 (]: Writing injected SQL for node "test.ecb_risk.dbt_utils_unique_combination_of_columns_fct_fx_returns_obs_date__pair.8eb61fb8bf"
[0m22:12:16.413091 [debug] [Thread-2 (]: Writing injected SQL for node "test.ecb_risk.not_null_fct_fx_returns_log_return.491a28b7c8"
[0m22:12:16.417092 [debug] [Thread-4 (]: On test.ecb_risk.unique_stg_inflation_obs_date.1b9a3e7016: ROLLBACK
[0m22:12:16.420057 [debug] [Thread-3 (]: Began executing node test.ecb_risk.accepted_values_fct_fx_returns_pair__EUR_USD__EUR_GBP__EUR_JPY__EUR_CHF.5d3e7ed43c
[0m22:12:16.421467 [debug] [Thread-4 (]: On test.ecb_risk.unique_stg_inflation_obs_date.1b9a3e7016: Close
[0m22:12:16.421999 [debug] [Thread-1 (]: Began executing node test.ecb_risk.dbt_utils_unique_combination_of_columns_fct_fx_returns_obs_date__pair.8eb61fb8bf
[0m22:12:16.429325 [debug] [Thread-3 (]: Writing runtime sql for node "test.ecb_risk.accepted_values_fct_fx_returns_pair__EUR_USD__EUR_GBP__EUR_JPY__EUR_CHF.5d3e7ed43c"
[0m22:12:16.430327 [debug] [Thread-2 (]: Began executing node test.ecb_risk.not_null_fct_fx_returns_log_return.491a28b7c8
[0m22:12:16.438233 [debug] [Thread-1 (]: Writing runtime sql for node "test.ecb_risk.dbt_utils_unique_combination_of_columns_fct_fx_returns_obs_date__pair.8eb61fb8bf"
[0m22:12:16.432335 [info ] [Thread-4 (]: 19 of 37 PASS unique_stg_inflation_obs_date .................................... [[32mPASS[0m in 0.69s]
[0m22:12:16.443331 [debug] [Thread-2 (]: Writing runtime sql for node "test.ecb_risk.not_null_fct_fx_returns_log_return.491a28b7c8"
[0m22:12:16.445336 [debug] [Thread-4 (]: Finished running node test.ecb_risk.unique_stg_inflation_obs_date.1b9a3e7016
[0m22:12:16.447715 [debug] [Thread-3 (]: Using postgres connection "test.ecb_risk.accepted_values_fct_fx_returns_pair__EUR_USD__EUR_GBP__EUR_JPY__EUR_CHF.5d3e7ed43c"
[0m22:12:16.448809 [debug] [Thread-4 (]: Began running node test.ecb_risk.not_null_fct_fx_returns_obs_date.544a43a25c
[0m22:12:16.449806 [debug] [Thread-1 (]: Using postgres connection "test.ecb_risk.dbt_utils_unique_combination_of_columns_fct_fx_returns_obs_date__pair.8eb61fb8bf"
[0m22:12:16.451805 [debug] [Thread-3 (]: On test.ecb_risk.accepted_values_fct_fx_returns_pair__EUR_USD__EUR_GBP__EUR_JPY__EUR_CHF.5d3e7ed43c: BEGIN
[0m22:12:16.453148 [debug] [Thread-2 (]: Using postgres connection "test.ecb_risk.not_null_fct_fx_returns_log_return.491a28b7c8"
[0m22:12:16.454426 [info ] [Thread-4 (]: 27 of 37 START test not_null_fct_fx_returns_obs_date ........................... [RUN]
[0m22:12:16.455661 [debug] [Thread-1 (]: On test.ecb_risk.dbt_utils_unique_combination_of_columns_fct_fx_returns_obs_date__pair.8eb61fb8bf: BEGIN
[0m22:12:16.456352 [debug] [Thread-3 (]: Opening a new connection, currently in state closed
[0m22:12:16.457365 [debug] [Thread-2 (]: On test.ecb_risk.not_null_fct_fx_returns_log_return.491a28b7c8: BEGIN
[0m22:12:16.458372 [debug] [Thread-4 (]: Re-using an available connection from the pool (formerly test.ecb_risk.unique_stg_inflation_obs_date.1b9a3e7016, now test.ecb_risk.not_null_fct_fx_returns_obs_date.544a43a25c)
[0m22:12:16.460371 [debug] [Thread-1 (]: Opening a new connection, currently in state closed
[0m22:12:16.462027 [debug] [Thread-2 (]: Opening a new connection, currently in state closed
[0m22:12:16.462696 [debug] [Thread-4 (]: Began compiling node test.ecb_risk.not_null_fct_fx_returns_obs_date.544a43a25c
[0m22:12:16.475668 [debug] [Thread-4 (]: Writing injected SQL for node "test.ecb_risk.not_null_fct_fx_returns_obs_date.544a43a25c"
[0m22:12:16.478701 [debug] [Thread-4 (]: Began executing node test.ecb_risk.not_null_fct_fx_returns_obs_date.544a43a25c
[0m22:12:16.485544 [debug] [Thread-4 (]: Writing runtime sql for node "test.ecb_risk.not_null_fct_fx_returns_obs_date.544a43a25c"
[0m22:12:16.488526 [debug] [Thread-4 (]: Using postgres connection "test.ecb_risk.not_null_fct_fx_returns_obs_date.544a43a25c"
[0m22:12:16.489652 [debug] [Thread-4 (]: On test.ecb_risk.not_null_fct_fx_returns_obs_date.544a43a25c: BEGIN
[0m22:12:16.490657 [debug] [Thread-4 (]: Opening a new connection, currently in state closed
[0m22:12:16.499241 [debug] [Thread-3 (]: SQL status: BEGIN in 0.043 seconds
[0m22:12:16.501236 [debug] [Thread-3 (]: Using postgres connection "test.ecb_risk.accepted_values_fct_fx_returns_pair__EUR_USD__EUR_GBP__EUR_JPY__EUR_CHF.5d3e7ed43c"
[0m22:12:16.502240 [debug] [Thread-1 (]: SQL status: BEGIN in 0.042 seconds
[0m22:12:16.504012 [debug] [Thread-3 (]: On test.ecb_risk.accepted_values_fct_fx_returns_pair__EUR_USD__EUR_GBP__EUR_JPY__EUR_CHF.5d3e7ed43c: /* {"app": "dbt", "dbt_version": "1.8.3", "profile_name": "ecb_risk", "target_name": "dev", "node_id": "test.ecb_risk.accepted_values_fct_fx_returns_pair__EUR_USD__EUR_GBP__EUR_JPY__EUR_CHF.5d3e7ed43c"} */
select
      count(*) as failures,
      count(*) != 0 as should_warn,
      count(*) != 0 as should_error
    from (
      
    
    

with all_values as (

    select
        pair as value_field,
        count(*) as n_records

    from "ecb_risk"."analytics_marts"."fct_fx_returns"
    group by pair

)

select *
from all_values
where value_field not in (
    'EUR_USD','EUR_GBP','EUR_JPY','EUR_CHF'
)



      
    ) dbt_internal_test
[0m22:12:16.505142 [debug] [Thread-1 (]: Using postgres connection "test.ecb_risk.dbt_utils_unique_combination_of_columns_fct_fx_returns_obs_date__pair.8eb61fb8bf"
[0m22:12:16.505939 [debug] [Thread-2 (]: SQL status: BEGIN in 0.045 seconds
[0m22:12:16.507097 [debug] [Thread-1 (]: On test.ecb_risk.dbt_utils_unique_combination_of_columns_fct_fx_returns_obs_date__pair.8eb61fb8bf: /* {"app": "dbt", "dbt_version": "1.8.3", "profile_name": "ecb_risk", "target_name": "dev", "node_id": "test.ecb_risk.dbt_utils_unique_combination_of_columns_fct_fx_returns_obs_date__pair.8eb61fb8bf"} */
select
      count(*) as failures,
      count(*) != 0 as should_warn,
      count(*) != 0 as should_error
    from (
      





with validation_errors as (

    select
        obs_date, pair
    from "ecb_risk"."analytics_marts"."fct_fx_returns"
    group by obs_date, pair
    having count(*) > 1

)

select *
from validation_errors



      
    ) dbt_internal_test
[0m22:12:16.509093 [debug] [Thread-2 (]: Using postgres connection "test.ecb_risk.not_null_fct_fx_returns_log_return.491a28b7c8"
[0m22:12:16.510528 [debug] [Thread-2 (]: On test.ecb_risk.not_null_fct_fx_returns_log_return.491a28b7c8: /* {"app": "dbt", "dbt_version": "1.8.3", "profile_name": "ecb_risk", "target_name": "dev", "node_id": "test.ecb_risk.not_null_fct_fx_returns_log_return.491a28b7c8"} */
select
      count(*) as failures,
      count(*) != 0 as should_warn,
      count(*) != 0 as should_error
    from (
      
    
    



select log_return
from "ecb_risk"."analytics_marts"."fct_fx_returns"
where log_return is null



      
    ) dbt_internal_test
[0m22:12:16.513655 [debug] [Thread-3 (]: SQL status: SELECT 1 in 0.008 seconds
[0m22:12:16.515653 [debug] [Thread-2 (]: SQL status: SELECT 1 in 0.004 seconds
[0m22:12:16.518699 [debug] [Thread-3 (]: On test.ecb_risk.accepted_values_fct_fx_returns_pair__EUR_USD__EUR_GBP__EUR_JPY__EUR_CHF.5d3e7ed43c: ROLLBACK
[0m22:12:16.521703 [debug] [Thread-2 (]: On test.ecb_risk.not_null_fct_fx_returns_log_return.491a28b7c8: ROLLBACK
[0m22:12:16.524709 [debug] [Thread-1 (]: SQL status: SELECT 1 in 0.014 seconds
[0m22:12:16.525713 [debug] [Thread-2 (]: On test.ecb_risk.not_null_fct_fx_returns_log_return.491a28b7c8: Close
[0m22:12:16.525713 [debug] [Thread-3 (]: On test.ecb_risk.accepted_values_fct_fx_returns_pair__EUR_USD__EUR_GBP__EUR_JPY__EUR_CHF.5d3e7ed43c: Close
[0m22:12:16.528700 [debug] [Thread-1 (]: On test.ecb_risk.dbt_utils_unique_combination_of_columns_fct_fx_returns_obs_date__pair.8eb61fb8bf: ROLLBACK
[0m22:12:16.530703 [info ] [Thread-2 (]: 26 of 37 PASS not_null_fct_fx_returns_log_return ............................... [[32mPASS[0m in 0.15s]
[0m22:12:16.533710 [debug] [Thread-4 (]: SQL status: BEGIN in 0.043 seconds
[0m22:12:16.532721 [info ] [Thread-3 (]: 24 of 37 PASS accepted_values_fct_fx_returns_pair__EUR_USD__EUR_GBP__EUR_JPY__EUR_CHF  [[32mPASS[0m in 0.16s]
[0m22:12:16.535706 [debug] [Thread-2 (]: Finished running node test.ecb_risk.not_null_fct_fx_returns_log_return.491a28b7c8
[0m22:12:16.536702 [debug] [Thread-1 (]: On test.ecb_risk.dbt_utils_unique_combination_of_columns_fct_fx_returns_obs_date__pair.8eb61fb8bf: Close
[0m22:12:16.538586 [debug] [Thread-4 (]: Using postgres connection "test.ecb_risk.not_null_fct_fx_returns_obs_date.544a43a25c"
[0m22:12:16.540024 [debug] [Thread-3 (]: Finished running node test.ecb_risk.accepted_values_fct_fx_returns_pair__EUR_USD__EUR_GBP__EUR_JPY__EUR_CHF.5d3e7ed43c
[0m22:12:16.541120 [debug] [Thread-2 (]: Began running node test.ecb_risk.not_null_fct_fx_returns_pair.a1e7caa95f
[0m22:12:16.542118 [debug] [Thread-4 (]: On test.ecb_risk.not_null_fct_fx_returns_obs_date.544a43a25c: /* {"app": "dbt", "dbt_version": "1.8.3", "profile_name": "ecb_risk", "target_name": "dev", "node_id": "test.ecb_risk.not_null_fct_fx_returns_obs_date.544a43a25c"} */
select
      count(*) as failures,
      count(*) != 0 as should_warn,
      count(*) != 0 as should_error
    from (
      
    
    



select obs_date
from "ecb_risk"."analytics_marts"."fct_fx_returns"
where obs_date is null



      
    ) dbt_internal_test
[0m22:12:16.543113 [info ] [Thread-1 (]: 25 of 37 PASS dbt_utils_unique_combination_of_columns_fct_fx_returns_obs_date__pair  [[32mPASS[0m in 0.17s]
[0m22:12:16.545119 [debug] [Thread-3 (]: Began running node model.ecb_risk.fct_macro_snapshot
[0m22:12:16.545904 [info ] [Thread-2 (]: 28 of 37 START test not_null_fct_fx_returns_pair ............................... [RUN]
[0m22:12:16.547990 [debug] [Thread-1 (]: Finished running node test.ecb_risk.dbt_utils_unique_combination_of_columns_fct_fx_returns_obs_date__pair.8eb61fb8bf
[0m22:12:16.549990 [debug] [Thread-2 (]: Re-using an available connection from the pool (formerly test.ecb_risk.not_null_fct_fx_returns_log_return.491a28b7c8, now test.ecb_risk.not_null_fct_fx_returns_pair.a1e7caa95f)
[0m22:12:16.548991 [info ] [Thread-3 (]: 29 of 37 START sql table model analytics_marts.fct_macro_snapshot .............. [RUN]
[0m22:12:16.551986 [debug] [Thread-4 (]: SQL status: SELECT 1 in 0.005 seconds
[0m22:12:16.553318 [debug] [Thread-2 (]: Began compiling node test.ecb_risk.not_null_fct_fx_returns_pair.a1e7caa95f
[0m22:12:16.554737 [debug] [Thread-3 (]: Re-using an available connection from the pool (formerly test.ecb_risk.accepted_values_fct_fx_returns_pair__EUR_USD__EUR_GBP__EUR_JPY__EUR_CHF.5d3e7ed43c, now model.ecb_risk.fct_macro_snapshot)
[0m22:12:16.557281 [debug] [Thread-4 (]: On test.ecb_risk.not_null_fct_fx_returns_obs_date.544a43a25c: ROLLBACK
[0m22:12:16.565282 [debug] [Thread-2 (]: Writing injected SQL for node "test.ecb_risk.not_null_fct_fx_returns_pair.a1e7caa95f"
[0m22:12:16.566276 [debug] [Thread-3 (]: Began compiling node model.ecb_risk.fct_macro_snapshot
[0m22:12:16.575201 [debug] [Thread-3 (]: Writing injected SQL for node "model.ecb_risk.fct_macro_snapshot"
[0m22:12:16.575201 [debug] [Thread-4 (]: On test.ecb_risk.not_null_fct_fx_returns_obs_date.544a43a25c: Close
[0m22:12:16.577226 [debug] [Thread-2 (]: Began executing node test.ecb_risk.not_null_fct_fx_returns_pair.a1e7caa95f
[0m22:12:16.584220 [debug] [Thread-2 (]: Writing runtime sql for node "test.ecb_risk.not_null_fct_fx_returns_pair.a1e7caa95f"
[0m22:12:16.579223 [info ] [Thread-4 (]: 27 of 37 PASS not_null_fct_fx_returns_obs_date ................................. [[32mPASS[0m in 0.12s]
[0m22:12:16.586610 [debug] [Thread-3 (]: Began executing node model.ecb_risk.fct_macro_snapshot
[0m22:12:16.588609 [debug] [Thread-4 (]: Finished running node test.ecb_risk.not_null_fct_fx_returns_obs_date.544a43a25c
[0m22:12:16.595132 [debug] [Thread-3 (]: Writing runtime sql for node "model.ecb_risk.fct_macro_snapshot"
[0m22:12:16.597137 [debug] [Thread-2 (]: Using postgres connection "test.ecb_risk.not_null_fct_fx_returns_pair.a1e7caa95f"
[0m22:12:16.599129 [debug] [Thread-2 (]: On test.ecb_risk.not_null_fct_fx_returns_pair.a1e7caa95f: BEGIN
[0m22:12:16.600132 [debug] [Thread-2 (]: Opening a new connection, currently in state closed
[0m22:12:16.601136 [debug] [Thread-3 (]: Using postgres connection "model.ecb_risk.fct_macro_snapshot"
[0m22:12:16.602727 [debug] [Thread-3 (]: On model.ecb_risk.fct_macro_snapshot: BEGIN
[0m22:12:16.603743 [debug] [Thread-3 (]: Opening a new connection, currently in state closed
[0m22:12:16.637307 [debug] [Thread-2 (]: SQL status: BEGIN in 0.037 seconds
[0m22:12:16.638174 [debug] [Thread-2 (]: Using postgres connection "test.ecb_risk.not_null_fct_fx_returns_pair.a1e7caa95f"
[0m22:12:16.639272 [debug] [Thread-2 (]: On test.ecb_risk.not_null_fct_fx_returns_pair.a1e7caa95f: /* {"app": "dbt", "dbt_version": "1.8.3", "profile_name": "ecb_risk", "target_name": "dev", "node_id": "test.ecb_risk.not_null_fct_fx_returns_pair.a1e7caa95f"} */
select
      count(*) as failures,
      count(*) != 0 as should_warn,
      count(*) != 0 as should_error
    from (
      
    
    



select pair
from "ecb_risk"."analytics_marts"."fct_fx_returns"
where pair is null



      
    ) dbt_internal_test
[0m22:12:16.643874 [debug] [Thread-3 (]: SQL status: BEGIN in 0.040 seconds
[0m22:12:16.643874 [debug] [Thread-2 (]: SQL status: SELECT 1 in 0.005 seconds
[0m22:12:16.645387 [debug] [Thread-3 (]: Using postgres connection "model.ecb_risk.fct_macro_snapshot"
[0m22:12:16.648403 [debug] [Thread-2 (]: On test.ecb_risk.not_null_fct_fx_returns_pair.a1e7caa95f: ROLLBACK
[0m22:12:16.649415 [debug] [Thread-3 (]: On model.ecb_risk.fct_macro_snapshot: /* {"app": "dbt", "dbt_version": "1.8.3", "profile_name": "ecb_risk", "target_name": "dev", "node_id": "model.ecb_risk.fct_macro_snapshot"} */

  
    

  create  table "ecb_risk"."analytics_marts"."fct_macro_snapshot__dbt_tmp"
  
  
    as
  
  (
    -- One row per business day with the full macro context: FX, policy rates, HICP.
-- This is the table the dashboard's overview tab reads from.


select
    c.cal_date              as obs_date,
    fx.eur_usd,
    fx.eur_gbp,
    fx.eur_jpy,
    fx.eur_chf,
    pr.mro_rate,
    pr.dfr_rate,
    pr.mlf_rate,
    inf.hicp_yoy_pct
from "ecb_risk"."analytics_staging"."stg_calendar" c
left join "ecb_risk"."analytics_staging"."stg_fx_wide"            fx  on fx.obs_date  = c.cal_date
left join "ecb_risk"."analytics_staging"."stg_policy_rates_wide"  pr  on pr.obs_date  = c.cal_date
left join "ecb_risk"."analytics_staging"."stg_inflation"          inf on inf.obs_date = c.cal_date
  );
  
[0m22:12:16.652903 [debug] [Thread-2 (]: On test.ecb_risk.not_null_fct_fx_returns_pair.a1e7caa95f: Close
[0m22:12:16.654747 [info ] [Thread-2 (]: 28 of 37 PASS not_null_fct_fx_returns_pair ..................................... [[32mPASS[0m in 0.10s]
[0m22:12:16.656766 [debug] [Thread-2 (]: Finished running node test.ecb_risk.not_null_fct_fx_returns_pair.a1e7caa95f
[0m22:12:16.657764 [debug] [Thread-1 (]: Began running node model.ecb_risk.fct_fx_volatility
[0m22:12:16.658761 [info ] [Thread-1 (]: 30 of 37 START sql table model analytics_marts.fct_fx_volatility ............... [RUN]
[0m22:12:16.660761 [debug] [Thread-1 (]: Re-using an available connection from the pool (formerly test.ecb_risk.dbt_utils_unique_combination_of_columns_fct_fx_returns_obs_date__pair.8eb61fb8bf, now model.ecb_risk.fct_fx_volatility)
[0m22:12:16.662475 [debug] [Thread-1 (]: Began compiling node model.ecb_risk.fct_fx_volatility
[0m22:12:16.674016 [debug] [Thread-1 (]: Writing injected SQL for node "model.ecb_risk.fct_fx_volatility"
[0m22:12:16.676025 [debug] [Thread-1 (]: Began executing node model.ecb_risk.fct_fx_volatility
[0m22:12:16.683027 [debug] [Thread-1 (]: Writing runtime sql for node "model.ecb_risk.fct_fx_volatility"
[0m22:12:16.685030 [debug] [Thread-1 (]: Using postgres connection "model.ecb_risk.fct_fx_volatility"
[0m22:12:16.686537 [debug] [Thread-1 (]: On model.ecb_risk.fct_fx_volatility: BEGIN
[0m22:12:16.687018 [debug] [Thread-1 (]: Opening a new connection, currently in state closed
[0m22:12:16.726774 [debug] [Thread-1 (]: SQL status: BEGIN in 0.040 seconds
[0m22:12:16.727787 [debug] [Thread-1 (]: Using postgres connection "model.ecb_risk.fct_fx_volatility"
[0m22:12:16.728779 [debug] [Thread-1 (]: On model.ecb_risk.fct_fx_volatility: /* {"app": "dbt", "dbt_version": "1.8.3", "profile_name": "ecb_risk", "target_name": "dev", "node_id": "model.ecb_risk.fct_fx_volatility"} */

  
    

  create  table "ecb_risk"."analytics_marts"."fct_fx_volatility__dbt_tmp"
  
  
    as
  
  (
    -- 21-day rolling realised volatility per pair, annualised (sqrt(252)).
-- A 21-day window approximates one trading month.


with r as (
    select obs_date, pair, log_return
    from "ecb_risk"."analytics_marts"."fct_fx_returns"
),
rolled as (
    select
        obs_date,
        pair,
        log_return,
        stddev_samp(log_return) over (
            partition by pair
            order by obs_date
            rows between 20 preceding and current row
        ) as rolling_sd_21d,
        count(*) over (
            partition by pair
            order by obs_date
            rows between 20 preceding and current row
        ) as window_n
    from r
)
select
    obs_date,
    pair,
    log_return,
    rolling_sd_21d,
    rolling_sd_21d * sqrt(252) as annualised_vol_21d
from rolled
where window_n = 21          -- only emit fully-formed windows
  );
  
[0m22:12:16.886723 [debug] [Thread-1 (]: SQL status: SELECT 11592 in 0.157 seconds
[0m22:12:16.892277 [debug] [Thread-1 (]: Using postgres connection "model.ecb_risk.fct_fx_volatility"
[0m22:12:16.893284 [debug] [Thread-3 (]: SQL status: SELECT 2977 in 0.242 seconds
[0m22:12:16.894289 [debug] [Thread-1 (]: On model.ecb_risk.fct_fx_volatility: /* {"app": "dbt", "dbt_version": "1.8.3", "profile_name": "ecb_risk", "target_name": "dev", "node_id": "model.ecb_risk.fct_fx_volatility"} */
alter table "ecb_risk"."analytics_marts"."fct_fx_volatility__dbt_tmp" rename to "fct_fx_volatility"
[0m22:12:16.900544 [debug] [Thread-3 (]: Using postgres connection "model.ecb_risk.fct_macro_snapshot"
[0m22:12:16.901535 [debug] [Thread-3 (]: On model.ecb_risk.fct_macro_snapshot: /* {"app": "dbt", "dbt_version": "1.8.3", "profile_name": "ecb_risk", "target_name": "dev", "node_id": "model.ecb_risk.fct_macro_snapshot"} */
alter table "ecb_risk"."analytics_marts"."fct_macro_snapshot__dbt_tmp" rename to "fct_macro_snapshot"
[0m22:12:16.903573 [debug] [Thread-1 (]: SQL status: ALTER TABLE in 0.002 seconds
[0m22:12:16.903573 [debug] [Thread-3 (]: SQL status: ALTER TABLE in 0.002 seconds
[0m22:12:16.906583 [debug] [Thread-1 (]: On model.ecb_risk.fct_fx_volatility: COMMIT
[0m22:12:16.909580 [debug] [Thread-3 (]: On model.ecb_risk.fct_macro_snapshot: COMMIT
[0m22:12:16.910599 [debug] [Thread-1 (]: Using postgres connection "model.ecb_risk.fct_fx_volatility"
[0m22:12:16.912570 [debug] [Thread-3 (]: Using postgres connection "model.ecb_risk.fct_macro_snapshot"
[0m22:12:16.913576 [debug] [Thread-1 (]: On model.ecb_risk.fct_fx_volatility: COMMIT
[0m22:12:16.914572 [debug] [Thread-3 (]: On model.ecb_risk.fct_macro_snapshot: COMMIT
[0m22:12:16.924925 [debug] [Thread-3 (]: SQL status: COMMIT in 0.009 seconds
[0m22:12:16.930195 [debug] [Thread-3 (]: Applying DROP to: "ecb_risk"."analytics_marts"."fct_macro_snapshot__dbt_backup"
[0m22:12:16.930195 [debug] [Thread-1 (]: SQL status: COMMIT in 0.015 seconds
[0m22:12:16.932205 [debug] [Thread-3 (]: Using postgres connection "model.ecb_risk.fct_macro_snapshot"
[0m22:12:16.937205 [debug] [Thread-1 (]: Applying DROP to: "ecb_risk"."analytics_marts"."fct_fx_volatility__dbt_backup"
[0m22:12:16.938205 [debug] [Thread-3 (]: On model.ecb_risk.fct_macro_snapshot: /* {"app": "dbt", "dbt_version": "1.8.3", "profile_name": "ecb_risk", "target_name": "dev", "node_id": "model.ecb_risk.fct_macro_snapshot"} */
drop table if exists "ecb_risk"."analytics_marts"."fct_macro_snapshot__dbt_backup" cascade
[0m22:12:16.939205 [debug] [Thread-1 (]: Using postgres connection "model.ecb_risk.fct_fx_volatility"
[0m22:12:16.940205 [debug] [Thread-1 (]: On model.ecb_risk.fct_fx_volatility: /* {"app": "dbt", "dbt_version": "1.8.3", "profile_name": "ecb_risk", "target_name": "dev", "node_id": "model.ecb_risk.fct_fx_volatility"} */
drop table if exists "ecb_risk"."analytics_marts"."fct_fx_volatility__dbt_backup" cascade
[0m22:12:16.942191 [debug] [Thread-3 (]: SQL status: DROP TABLE in 0.002 seconds
[0m22:12:16.943196 [debug] [Thread-1 (]: SQL status: DROP TABLE in 0.002 seconds
[0m22:12:16.946205 [debug] [Thread-3 (]: On model.ecb_risk.fct_macro_snapshot: Close
[0m22:12:16.948205 [debug] [Thread-1 (]: On model.ecb_risk.fct_fx_volatility: Close
[0m22:12:16.950188 [debug] [Thread-3 (]: Sending event: {'category': 'dbt', 'action': 'run_model', 'label': 'a958fb38-ce8e-4ac6-9176-8bc293652596', 'context': [<snowplow_tracker.self_describing_json.SelfDescribingJson object at 0x000001B4EA496030>]}
[0m22:12:16.951181 [debug] [Thread-1 (]: Sending event: {'category': 'dbt', 'action': 'run_model', 'label': 'a958fb38-ce8e-4ac6-9176-8bc293652596', 'context': [<snowplow_tracker.self_describing_json.SelfDescribingJson object at 0x000001B4E9E21280>]}
[0m22:12:16.953207 [info ] [Thread-3 (]: 29 of 37 OK created sql table model analytics_marts.fct_macro_snapshot ......... [[32mSELECT 2977[0m in 0.39s]
[0m22:12:16.955207 [info ] [Thread-1 (]: 30 of 37 OK created sql table model analytics_marts.fct_fx_volatility .......... [[32mSELECT 11592[0m in 0.29s]
[0m22:12:16.957207 [debug] [Thread-3 (]: Finished running node model.ecb_risk.fct_macro_snapshot
[0m22:12:16.959178 [debug] [Thread-1 (]: Finished running node model.ecb_risk.fct_fx_volatility
[0m22:12:16.960195 [debug] [Thread-2 (]: Began running node test.ecb_risk.not_null_fct_macro_snapshot_obs_date.aa4ba4d847
[0m22:12:16.960195 [debug] [Thread-1 (]: Began running node test.ecb_risk.unique_fct_macro_snapshot_obs_date.949b4eae44
[0m22:12:16.960195 [debug] [Thread-3 (]: Began running node test.ecb_risk.accepted_values_fct_fx_volatility_pair__EUR_USD__EUR_GBP__EUR_JPY__EUR_CHF.e67eecde40
[0m22:12:16.960195 [debug] [Thread-4 (]: Began running node test.ecb_risk.dbt_utils_unique_combination_of_columns_fct_fx_volatility_obs_date__pair.f6ab7d559c
[0m22:12:16.960195 [info ] [Thread-2 (]: 31 of 37 START test not_null_fct_macro_snapshot_obs_date ....................... [RUN]
[0m22:12:16.960195 [info ] [Thread-1 (]: 32 of 37 START test unique_fct_macro_snapshot_obs_date ......................... [RUN]
[0m22:12:16.960195 [info ] [Thread-3 (]: 33 of 37 START test accepted_values_fct_fx_volatility_pair__EUR_USD__EUR_GBP__EUR_JPY__EUR_CHF  [RUN]
[0m22:12:16.967924 [info ] [Thread-4 (]: 34 of 37 START test dbt_utils_unique_combination_of_columns_fct_fx_volatility_obs_date__pair  [RUN]
[0m22:12:16.967924 [debug] [Thread-2 (]: Re-using an available connection from the pool (formerly test.ecb_risk.not_null_fct_fx_returns_pair.a1e7caa95f, now test.ecb_risk.not_null_fct_macro_snapshot_obs_date.aa4ba4d847)
[0m22:12:16.967924 [debug] [Thread-1 (]: Re-using an available connection from the pool (formerly model.ecb_risk.fct_fx_volatility, now test.ecb_risk.unique_fct_macro_snapshot_obs_date.949b4eae44)
[0m22:12:16.967924 [debug] [Thread-3 (]: Re-using an available connection from the pool (formerly model.ecb_risk.fct_macro_snapshot, now test.ecb_risk.accepted_values_fct_fx_volatility_pair__EUR_USD__EUR_GBP__EUR_JPY__EUR_CHF.e67eecde40)
[0m22:12:16.967924 [debug] [Thread-4 (]: Re-using an available connection from the pool (formerly test.ecb_risk.not_null_fct_fx_returns_obs_date.544a43a25c, now test.ecb_risk.dbt_utils_unique_combination_of_columns_fct_fx_volatility_obs_date__pair.f6ab7d559c)
[0m22:12:16.967924 [debug] [Thread-2 (]: Began compiling node test.ecb_risk.not_null_fct_macro_snapshot_obs_date.aa4ba4d847
[0m22:12:16.967924 [debug] [Thread-1 (]: Began compiling node test.ecb_risk.unique_fct_macro_snapshot_obs_date.949b4eae44
[0m22:12:16.967924 [debug] [Thread-3 (]: Began compiling node test.ecb_risk.accepted_values_fct_fx_volatility_pair__EUR_USD__EUR_GBP__EUR_JPY__EUR_CHF.e67eecde40
[0m22:12:16.967924 [debug] [Thread-4 (]: Began compiling node test.ecb_risk.dbt_utils_unique_combination_of_columns_fct_fx_volatility_obs_date__pair.f6ab7d559c
[0m22:12:16.976388 [debug] [Thread-2 (]: Writing injected SQL for node "test.ecb_risk.not_null_fct_macro_snapshot_obs_date.aa4ba4d847"
[0m22:12:16.976388 [debug] [Thread-1 (]: Writing injected SQL for node "test.ecb_risk.unique_fct_macro_snapshot_obs_date.949b4eae44"
[0m22:12:16.992451 [debug] [Thread-3 (]: Writing injected SQL for node "test.ecb_risk.accepted_values_fct_fx_volatility_pair__EUR_USD__EUR_GBP__EUR_JPY__EUR_CHF.e67eecde40"
[0m22:12:17.007829 [debug] [Thread-4 (]: Writing injected SQL for node "test.ecb_risk.dbt_utils_unique_combination_of_columns_fct_fx_volatility_obs_date__pair.f6ab7d559c"
[0m22:12:17.007829 [debug] [Thread-2 (]: Began executing node test.ecb_risk.not_null_fct_macro_snapshot_obs_date.aa4ba4d847
[0m22:12:17.007829 [debug] [Thread-1 (]: Began executing node test.ecb_risk.unique_fct_macro_snapshot_obs_date.949b4eae44
[0m22:12:17.017507 [debug] [Thread-2 (]: Writing runtime sql for node "test.ecb_risk.not_null_fct_macro_snapshot_obs_date.aa4ba4d847"
[0m22:12:17.017507 [debug] [Thread-3 (]: Began executing node test.ecb_risk.accepted_values_fct_fx_volatility_pair__EUR_USD__EUR_GBP__EUR_JPY__EUR_CHF.e67eecde40
[0m22:12:17.024320 [debug] [Thread-1 (]: Writing runtime sql for node "test.ecb_risk.unique_fct_macro_snapshot_obs_date.949b4eae44"
[0m22:12:17.024320 [debug] [Thread-4 (]: Began executing node test.ecb_risk.dbt_utils_unique_combination_of_columns_fct_fx_volatility_obs_date__pair.f6ab7d559c
[0m22:12:17.024320 [debug] [Thread-3 (]: Writing runtime sql for node "test.ecb_risk.accepted_values_fct_fx_volatility_pair__EUR_USD__EUR_GBP__EUR_JPY__EUR_CHF.e67eecde40"
[0m22:12:17.024320 [debug] [Thread-4 (]: Writing runtime sql for node "test.ecb_risk.dbt_utils_unique_combination_of_columns_fct_fx_volatility_obs_date__pair.f6ab7d559c"
[0m22:12:17.024320 [debug] [Thread-2 (]: Using postgres connection "test.ecb_risk.not_null_fct_macro_snapshot_obs_date.aa4ba4d847"
[0m22:12:17.039378 [debug] [Thread-2 (]: On test.ecb_risk.not_null_fct_macro_snapshot_obs_date.aa4ba4d847: BEGIN
[0m22:12:17.039378 [debug] [Thread-1 (]: Using postgres connection "test.ecb_risk.unique_fct_macro_snapshot_obs_date.949b4eae44"
[0m22:12:17.039378 [debug] [Thread-2 (]: Opening a new connection, currently in state closed
[0m22:12:17.039378 [debug] [Thread-1 (]: On test.ecb_risk.unique_fct_macro_snapshot_obs_date.949b4eae44: BEGIN
[0m22:12:17.039378 [debug] [Thread-4 (]: Using postgres connection "test.ecb_risk.dbt_utils_unique_combination_of_columns_fct_fx_volatility_obs_date__pair.f6ab7d559c"
[0m22:12:17.039378 [debug] [Thread-3 (]: Using postgres connection "test.ecb_risk.accepted_values_fct_fx_volatility_pair__EUR_USD__EUR_GBP__EUR_JPY__EUR_CHF.e67eecde40"
[0m22:12:17.039378 [debug] [Thread-1 (]: Opening a new connection, currently in state closed
[0m22:12:17.039378 [debug] [Thread-4 (]: On test.ecb_risk.dbt_utils_unique_combination_of_columns_fct_fx_volatility_obs_date__pair.f6ab7d559c: BEGIN
[0m22:12:17.039378 [debug] [Thread-3 (]: On test.ecb_risk.accepted_values_fct_fx_volatility_pair__EUR_USD__EUR_GBP__EUR_JPY__EUR_CHF.e67eecde40: BEGIN
[0m22:12:17.039378 [debug] [Thread-4 (]: Opening a new connection, currently in state closed
[0m22:12:17.039378 [debug] [Thread-3 (]: Opening a new connection, currently in state closed
[0m22:12:17.075087 [debug] [Thread-2 (]: SQL status: BEGIN in 0.040 seconds
[0m22:12:17.075087 [debug] [Thread-1 (]: SQL status: BEGIN in 0.037 seconds
[0m22:12:17.075087 [debug] [Thread-2 (]: Using postgres connection "test.ecb_risk.not_null_fct_macro_snapshot_obs_date.aa4ba4d847"
[0m22:12:17.075087 [debug] [Thread-1 (]: Using postgres connection "test.ecb_risk.unique_fct_macro_snapshot_obs_date.949b4eae44"
[0m22:12:17.075087 [debug] [Thread-2 (]: On test.ecb_risk.not_null_fct_macro_snapshot_obs_date.aa4ba4d847: /* {"app": "dbt", "dbt_version": "1.8.3", "profile_name": "ecb_risk", "target_name": "dev", "node_id": "test.ecb_risk.not_null_fct_macro_snapshot_obs_date.aa4ba4d847"} */
select
      count(*) as failures,
      count(*) != 0 as should_warn,
      count(*) != 0 as should_error
    from (
      
    
    



select obs_date
from "ecb_risk"."analytics_marts"."fct_macro_snapshot"
where obs_date is null



      
    ) dbt_internal_test
[0m22:12:17.087405 [debug] [Thread-1 (]: On test.ecb_risk.unique_fct_macro_snapshot_obs_date.949b4eae44: /* {"app": "dbt", "dbt_version": "1.8.3", "profile_name": "ecb_risk", "target_name": "dev", "node_id": "test.ecb_risk.unique_fct_macro_snapshot_obs_date.949b4eae44"} */
select
      count(*) as failures,
      count(*) != 0 as should_warn,
      count(*) != 0 as should_error
    from (
      
    
    

select
    obs_date as unique_field,
    count(*) as n_records

from "ecb_risk"."analytics_marts"."fct_macro_snapshot"
where obs_date is not null
group by obs_date
having count(*) > 1



      
    ) dbt_internal_test
[0m22:12:17.092324 [debug] [Thread-4 (]: SQL status: BEGIN in 0.043 seconds
[0m22:12:17.092324 [debug] [Thread-3 (]: SQL status: BEGIN in 0.042 seconds
[0m22:12:17.092324 [debug] [Thread-2 (]: SQL status: SELECT 1 in 0.005 seconds
[0m22:12:17.092324 [debug] [Thread-4 (]: Using postgres connection "test.ecb_risk.dbt_utils_unique_combination_of_columns_fct_fx_volatility_obs_date__pair.f6ab7d559c"
[0m22:12:17.092324 [debug] [Thread-1 (]: SQL status: SELECT 1 in 0.007 seconds
[0m22:12:17.092324 [debug] [Thread-3 (]: Using postgres connection "test.ecb_risk.accepted_values_fct_fx_volatility_pair__EUR_USD__EUR_GBP__EUR_JPY__EUR_CHF.e67eecde40"
[0m22:12:17.092324 [debug] [Thread-2 (]: On test.ecb_risk.not_null_fct_macro_snapshot_obs_date.aa4ba4d847: ROLLBACK
[0m22:12:17.092324 [debug] [Thread-4 (]: On test.ecb_risk.dbt_utils_unique_combination_of_columns_fct_fx_volatility_obs_date__pair.f6ab7d559c: /* {"app": "dbt", "dbt_version": "1.8.3", "profile_name": "ecb_risk", "target_name": "dev", "node_id": "test.ecb_risk.dbt_utils_unique_combination_of_columns_fct_fx_volatility_obs_date__pair.f6ab7d559c"} */
select
      count(*) as failures,
      count(*) != 0 as should_warn,
      count(*) != 0 as should_error
    from (
      





with validation_errors as (

    select
        obs_date, pair
    from "ecb_risk"."analytics_marts"."fct_fx_volatility"
    group by obs_date, pair
    having count(*) > 1

)

select *
from validation_errors



      
    ) dbt_internal_test
[0m22:12:17.103384 [debug] [Thread-1 (]: On test.ecb_risk.unique_fct_macro_snapshot_obs_date.949b4eae44: ROLLBACK
[0m22:12:17.103384 [debug] [Thread-3 (]: On test.ecb_risk.accepted_values_fct_fx_volatility_pair__EUR_USD__EUR_GBP__EUR_JPY__EUR_CHF.e67eecde40: /* {"app": "dbt", "dbt_version": "1.8.3", "profile_name": "ecb_risk", "target_name": "dev", "node_id": "test.ecb_risk.accepted_values_fct_fx_volatility_pair__EUR_USD__EUR_GBP__EUR_JPY__EUR_CHF.e67eecde40"} */
select
      count(*) as failures,
      count(*) != 0 as should_warn,
      count(*) != 0 as should_error
    from (
      
    
    

with all_values as (

    select
        pair as value_field,
        count(*) as n_records

    from "ecb_risk"."analytics_marts"."fct_fx_volatility"
    group by pair

)

select *
from all_values
where value_field not in (
    'EUR_USD','EUR_GBP','EUR_JPY','EUR_CHF'
)



      
    ) dbt_internal_test
[0m22:12:17.103384 [debug] [Thread-2 (]: On test.ecb_risk.not_null_fct_macro_snapshot_obs_date.aa4ba4d847: Close
[0m22:12:17.103384 [debug] [Thread-1 (]: On test.ecb_risk.unique_fct_macro_snapshot_obs_date.949b4eae44: Close
[0m22:12:17.103384 [info ] [Thread-2 (]: 31 of 37 PASS not_null_fct_macro_snapshot_obs_date ............................. [[32mPASS[0m in 0.14s]
[0m22:12:17.103384 [debug] [Thread-2 (]: Finished running node test.ecb_risk.not_null_fct_macro_snapshot_obs_date.aa4ba4d847
[0m22:12:17.103384 [info ] [Thread-1 (]: 32 of 37 PASS unique_fct_macro_snapshot_obs_date ............................... [[32mPASS[0m in 0.14s]
[0m22:12:17.103384 [debug] [Thread-3 (]: SQL status: SELECT 1 in 0.008 seconds
[0m22:12:17.103384 [debug] [Thread-2 (]: Began running node test.ecb_risk.not_null_fct_fx_volatility_annualised_vol_21d.4cc51d96c2
[0m22:12:17.117775 [debug] [Thread-1 (]: Finished running node test.ecb_risk.unique_fct_macro_snapshot_obs_date.949b4eae44
[0m22:12:17.119319 [debug] [Thread-3 (]: On test.ecb_risk.accepted_values_fct_fx_volatility_pair__EUR_USD__EUR_GBP__EUR_JPY__EUR_CHF.e67eecde40: ROLLBACK
[0m22:12:17.119319 [debug] [Thread-4 (]: SQL status: SELECT 1 in 0.017 seconds
[0m22:12:17.119319 [info ] [Thread-2 (]: 35 of 37 START test not_null_fct_fx_volatility_annualised_vol_21d .............. [RUN]
[0m22:12:17.124720 [debug] [Thread-1 (]: Began running node test.ecb_risk.not_null_fct_fx_volatility_obs_date.239d368175
[0m22:12:17.126276 [debug] [Thread-4 (]: On test.ecb_risk.dbt_utils_unique_combination_of_columns_fct_fx_volatility_obs_date__pair.f6ab7d559c: ROLLBACK
[0m22:12:17.126276 [debug] [Thread-3 (]: On test.ecb_risk.accepted_values_fct_fx_volatility_pair__EUR_USD__EUR_GBP__EUR_JPY__EUR_CHF.e67eecde40: Close
[0m22:12:17.126276 [debug] [Thread-2 (]: Re-using an available connection from the pool (formerly test.ecb_risk.not_null_fct_macro_snapshot_obs_date.aa4ba4d847, now test.ecb_risk.not_null_fct_fx_volatility_annualised_vol_21d.4cc51d96c2)
[0m22:12:17.126276 [info ] [Thread-1 (]: 36 of 37 START test not_null_fct_fx_volatility_obs_date ........................ [RUN]
[0m22:12:17.126276 [info ] [Thread-3 (]: 33 of 37 PASS accepted_values_fct_fx_volatility_pair__EUR_USD__EUR_GBP__EUR_JPY__EUR_CHF  [[32mPASS[0m in 0.16s]
[0m22:12:17.126276 [debug] [Thread-2 (]: Began compiling node test.ecb_risk.not_null_fct_fx_volatility_annualised_vol_21d.4cc51d96c2
[0m22:12:17.126276 [debug] [Thread-4 (]: On test.ecb_risk.dbt_utils_unique_combination_of_columns_fct_fx_volatility_obs_date__pair.f6ab7d559c: Close
[0m22:12:17.135499 [debug] [Thread-1 (]: Re-using an available connection from the pool (formerly test.ecb_risk.unique_fct_macro_snapshot_obs_date.949b4eae44, now test.ecb_risk.not_null_fct_fx_volatility_obs_date.239d368175)
[0m22:12:17.135499 [debug] [Thread-3 (]: Finished running node test.ecb_risk.accepted_values_fct_fx_volatility_pair__EUR_USD__EUR_GBP__EUR_JPY__EUR_CHF.e67eecde40
[0m22:12:17.135499 [debug] [Thread-2 (]: Writing injected SQL for node "test.ecb_risk.not_null_fct_fx_volatility_annualised_vol_21d.4cc51d96c2"
[0m22:12:17.135499 [debug] [Thread-1 (]: Began compiling node test.ecb_risk.not_null_fct_fx_volatility_obs_date.239d368175
[0m22:12:17.135499 [info ] [Thread-4 (]: 34 of 37 PASS dbt_utils_unique_combination_of_columns_fct_fx_volatility_obs_date__pair  [[32mPASS[0m in 0.17s]
[0m22:12:17.135499 [debug] [Thread-3 (]: Began running node test.ecb_risk.not_null_fct_fx_volatility_pair.6364a9d247
[0m22:12:17.153809 [debug] [Thread-1 (]: Writing injected SQL for node "test.ecb_risk.not_null_fct_fx_volatility_obs_date.239d368175"
[0m22:12:17.153809 [debug] [Thread-4 (]: Finished running node test.ecb_risk.dbt_utils_unique_combination_of_columns_fct_fx_volatility_obs_date__pair.f6ab7d559c
[0m22:12:17.153809 [debug] [Thread-2 (]: Began executing node test.ecb_risk.not_null_fct_fx_volatility_annualised_vol_21d.4cc51d96c2
[0m22:12:17.153809 [info ] [Thread-3 (]: 37 of 37 START test not_null_fct_fx_volatility_pair ............................ [RUN]
[0m22:12:17.166978 [debug] [Thread-2 (]: Writing runtime sql for node "test.ecb_risk.not_null_fct_fx_volatility_annualised_vol_21d.4cc51d96c2"
[0m22:12:17.168342 [debug] [Thread-3 (]: Re-using an available connection from the pool (formerly test.ecb_risk.accepted_values_fct_fx_volatility_pair__EUR_USD__EUR_GBP__EUR_JPY__EUR_CHF.e67eecde40, now test.ecb_risk.not_null_fct_fx_volatility_pair.6364a9d247)
[0m22:12:17.170342 [debug] [Thread-1 (]: Began executing node test.ecb_risk.not_null_fct_fx_volatility_obs_date.239d368175
[0m22:12:17.171342 [debug] [Thread-3 (]: Began compiling node test.ecb_risk.not_null_fct_fx_volatility_pair.6364a9d247
[0m22:12:17.176355 [debug] [Thread-1 (]: Writing runtime sql for node "test.ecb_risk.not_null_fct_fx_volatility_obs_date.239d368175"
[0m22:12:17.179396 [debug] [Thread-3 (]: Writing injected SQL for node "test.ecb_risk.not_null_fct_fx_volatility_pair.6364a9d247"
[0m22:12:17.179396 [debug] [Thread-2 (]: Using postgres connection "test.ecb_risk.not_null_fct_fx_volatility_annualised_vol_21d.4cc51d96c2"
[0m22:12:17.179396 [debug] [Thread-2 (]: On test.ecb_risk.not_null_fct_fx_volatility_annualised_vol_21d.4cc51d96c2: BEGIN
[0m22:12:17.179396 [debug] [Thread-2 (]: Opening a new connection, currently in state closed
[0m22:12:17.179396 [debug] [Thread-1 (]: Using postgres connection "test.ecb_risk.not_null_fct_fx_volatility_obs_date.239d368175"
[0m22:12:17.179396 [debug] [Thread-1 (]: On test.ecb_risk.not_null_fct_fx_volatility_obs_date.239d368175: BEGIN
[0m22:12:17.179396 [debug] [Thread-3 (]: Began executing node test.ecb_risk.not_null_fct_fx_volatility_pair.6364a9d247
[0m22:12:17.192782 [debug] [Thread-1 (]: Opening a new connection, currently in state closed
[0m22:12:17.195285 [debug] [Thread-3 (]: Writing runtime sql for node "test.ecb_risk.not_null_fct_fx_volatility_pair.6364a9d247"
[0m22:12:17.195285 [debug] [Thread-3 (]: Using postgres connection "test.ecb_risk.not_null_fct_fx_volatility_pair.6364a9d247"
[0m22:12:17.195285 [debug] [Thread-3 (]: On test.ecb_risk.not_null_fct_fx_volatility_pair.6364a9d247: BEGIN
[0m22:12:17.195285 [debug] [Thread-3 (]: Opening a new connection, currently in state closed
[0m22:12:17.221687 [debug] [Thread-2 (]: SQL status: BEGIN in 0.036 seconds
[0m22:12:17.221687 [debug] [Thread-2 (]: Using postgres connection "test.ecb_risk.not_null_fct_fx_volatility_annualised_vol_21d.4cc51d96c2"
[0m22:12:17.221687 [debug] [Thread-2 (]: On test.ecb_risk.not_null_fct_fx_volatility_annualised_vol_21d.4cc51d96c2: /* {"app": "dbt", "dbt_version": "1.8.3", "profile_name": "ecb_risk", "target_name": "dev", "node_id": "test.ecb_risk.not_null_fct_fx_volatility_annualised_vol_21d.4cc51d96c2"} */
select
      count(*) as failures,
      count(*) != 0 as should_warn,
      count(*) != 0 as should_error
    from (
      
    
    



select annualised_vol_21d
from "ecb_risk"."analytics_marts"."fct_fx_volatility"
where annualised_vol_21d is null



      
    ) dbt_internal_test
[0m22:12:17.229658 [debug] [Thread-2 (]: SQL status: SELECT 1 in 0.005 seconds
[0m22:12:17.229658 [debug] [Thread-2 (]: On test.ecb_risk.not_null_fct_fx_volatility_annualised_vol_21d.4cc51d96c2: ROLLBACK
[0m22:12:17.229658 [debug] [Thread-1 (]: SQL status: BEGIN in 0.043 seconds
[0m22:12:17.229658 [debug] [Thread-3 (]: SQL status: BEGIN in 0.033 seconds
[0m22:12:17.229658 [debug] [Thread-1 (]: Using postgres connection "test.ecb_risk.not_null_fct_fx_volatility_obs_date.239d368175"
[0m22:12:17.229658 [debug] [Thread-3 (]: Using postgres connection "test.ecb_risk.not_null_fct_fx_volatility_pair.6364a9d247"
[0m22:12:17.229658 [debug] [Thread-2 (]: On test.ecb_risk.not_null_fct_fx_volatility_annualised_vol_21d.4cc51d96c2: Close
[0m22:12:17.229658 [debug] [Thread-1 (]: On test.ecb_risk.not_null_fct_fx_volatility_obs_date.239d368175: /* {"app": "dbt", "dbt_version": "1.8.3", "profile_name": "ecb_risk", "target_name": "dev", "node_id": "test.ecb_risk.not_null_fct_fx_volatility_obs_date.239d368175"} */
select
      count(*) as failures,
      count(*) != 0 as should_warn,
      count(*) != 0 as should_error
    from (
      
    
    



select obs_date
from "ecb_risk"."analytics_marts"."fct_fx_volatility"
where obs_date is null



      
    ) dbt_internal_test
[0m22:12:17.229658 [debug] [Thread-3 (]: On test.ecb_risk.not_null_fct_fx_volatility_pair.6364a9d247: /* {"app": "dbt", "dbt_version": "1.8.3", "profile_name": "ecb_risk", "target_name": "dev", "node_id": "test.ecb_risk.not_null_fct_fx_volatility_pair.6364a9d247"} */
select
      count(*) as failures,
      count(*) != 0 as should_warn,
      count(*) != 0 as should_error
    from (
      
    
    



select pair
from "ecb_risk"."analytics_marts"."fct_fx_volatility"
where pair is null



      
    ) dbt_internal_test
[0m22:12:17.243104 [info ] [Thread-2 (]: 35 of 37 PASS not_null_fct_fx_volatility_annualised_vol_21d .................... [[32mPASS[0m in 0.12s]
[0m22:12:17.243104 [debug] [Thread-2 (]: Finished running node test.ecb_risk.not_null_fct_fx_volatility_annualised_vol_21d.4cc51d96c2
[0m22:12:17.243104 [debug] [Thread-1 (]: SQL status: SELECT 1 in 0.004 seconds
[0m22:12:17.243104 [debug] [Thread-1 (]: On test.ecb_risk.not_null_fct_fx_volatility_obs_date.239d368175: ROLLBACK
[0m22:12:17.243104 [debug] [Thread-3 (]: SQL status: SELECT 1 in 0.007 seconds
[0m22:12:17.243104 [debug] [Thread-3 (]: On test.ecb_risk.not_null_fct_fx_volatility_pair.6364a9d247: ROLLBACK
[0m22:12:17.243104 [debug] [Thread-1 (]: On test.ecb_risk.not_null_fct_fx_volatility_obs_date.239d368175: Close
[0m22:12:17.243104 [debug] [Thread-3 (]: On test.ecb_risk.not_null_fct_fx_volatility_pair.6364a9d247: Close
[0m22:12:17.243104 [info ] [Thread-1 (]: 36 of 37 PASS not_null_fct_fx_volatility_obs_date .............................. [[32mPASS[0m in 0.12s]
[0m22:12:17.260115 [debug] [Thread-1 (]: Finished running node test.ecb_risk.not_null_fct_fx_volatility_obs_date.239d368175
[0m22:12:17.261146 [info ] [Thread-3 (]: 37 of 37 PASS not_null_fct_fx_volatility_pair .................................. [[32mPASS[0m in 0.09s]
[0m22:12:17.263260 [debug] [Thread-3 (]: Finished running node test.ecb_risk.not_null_fct_fx_volatility_pair.6364a9d247
[0m22:12:17.264355 [debug] [MainThread]: Using postgres connection "master"
[0m22:12:17.264355 [debug] [MainThread]: On master: BEGIN
[0m22:12:17.264355 [debug] [MainThread]: Opening a new connection, currently in state closed
[0m22:12:17.289077 [debug] [MainThread]: SQL status: BEGIN in 0.033 seconds
[0m22:12:17.289077 [debug] [MainThread]: On master: COMMIT
[0m22:12:17.289077 [debug] [MainThread]: Using postgres connection "master"
[0m22:12:17.289077 [debug] [MainThread]: On master: COMMIT
[0m22:12:17.304901 [debug] [MainThread]: SQL status: COMMIT in 0.002 seconds
[0m22:12:17.304901 [debug] [MainThread]: On master: Close
[0m22:12:17.304901 [debug] [MainThread]: Connection 'master' was properly closed.
[0m22:12:17.304901 [debug] [MainThread]: Connection 'create_ecb_risk_analytics_marts' was properly closed.
[0m22:12:17.304901 [debug] [MainThread]: Connection 'create_ecb_risk_analytics_staging' was properly closed.
[0m22:12:17.304901 [debug] [MainThread]: Connection 'list_ecb_risk_analytics_staging' was properly closed.
[0m22:12:17.310505 [debug] [MainThread]: Connection 'list_ecb_risk_analytics_marts' was properly closed.
[0m22:12:17.310505 [debug] [MainThread]: Connection 'test.ecb_risk.not_null_fct_fx_volatility_obs_date.239d368175' was properly closed.
[0m22:12:17.310505 [debug] [MainThread]: Connection 'test.ecb_risk.not_null_fct_fx_volatility_annualised_vol_21d.4cc51d96c2' was properly closed.
[0m22:12:17.310505 [debug] [MainThread]: Connection 'test.ecb_risk.not_null_fct_fx_volatility_pair.6364a9d247' was properly closed.
[0m22:12:17.312518 [debug] [MainThread]: Connection 'test.ecb_risk.dbt_utils_unique_combination_of_columns_fct_fx_volatility_obs_date__pair.f6ab7d559c' was properly closed.
[0m22:12:17.312518 [info ] [MainThread]: 
[0m22:12:17.312518 [info ] [MainThread]: Finished running 29 data tests, 4 table models, 4 view models in 0 hours 0 minutes and 3.26 seconds (3.26s).
[0m22:12:17.320900 [debug] [MainThread]: Command end result
[0m22:12:17.413527 [info ] [MainThread]: 
[0m22:12:17.413527 [info ] [MainThread]: [32mCompleted successfully[0m
[0m22:12:17.418276 [info ] [MainThread]: 
[0m22:12:17.418276 [info ] [MainThread]: Done. PASS=37 WARN=0 ERROR=0 SKIP=0 TOTAL=37
[0m22:12:17.418276 [debug] [MainThread]: Command `dbt build` succeeded at 22:12:17.418276 after 11.27 seconds
[0m22:12:17.421870 [debug] [MainThread]: Sending event: {'category': 'dbt', 'action': 'invocation', 'label': 'end', 'context': [<snowplow_tracker.self_describing_json.SelfDescribingJson object at 0x000001B4E418C3B0>, <snowplow_tracker.self_describing_json.SelfDescribingJson object at 0x000001B4E7F8DC10>, <snowplow_tracker.self_describing_json.SelfDescribingJson object at 0x000001B4E7F8C680>]}
[0m22:12:17.421870 [debug] [MainThread]: Flushing usage events
[0m22:13:24.990578 [debug] [MainThread]: Sending event: {'category': 'dbt', 'action': 'invocation', 'label': 'start', 'context': [<snowplow_tracker.self_describing_json.SelfDescribingJson object at 0x00000275EC3F3950>, <snowplow_tracker.self_describing_json.SelfDescribingJson object at 0x00000275EEF2B4D0>, <snowplow_tracker.self_describing_json.SelfDescribingJson object at 0x00000275EEF2A270>]}


============================== 22:13:25.007081 | d41be894-44a3-4694-ae2e-26bc97b3afa4 ==============================
[0m22:13:25.007081 [info ] [MainThread]: Running with dbt=1.8.3
[0m22:13:25.012133 [debug] [MainThread]: running dbt with arguments {'printer_width': '80', 'indirect_selection': 'eager', 'log_cache_events': 'False', 'write_json': 'True', 'partial_parse': 'True', 'cache_selected_only': 'False', 'profiles_dir': '.', 'fail_fast': 'False', 'version_check': 'True', 'log_path': 'F:\\ecb-fx-risk-monitor\\dbt\\logs', 'debug': 'False', 'warn_error': 'None', 'use_colors': 'True', 'use_experimental_parser': 'False', 'no_print': 'None', 'quiet': 'False', 'empty': 'None', 'log_format': 'default', 'static_parser': 'True', 'warn_error_options': 'WarnErrorOptions(include=[], exclude=[])', 'invocation_command': 'dbt docs generate', 'target_path': 'None', 'introspect': 'True', 'send_anonymous_usage_stats': 'True'}
[0m22:13:25.367557 [debug] [MainThread]: Sending event: {'category': 'dbt', 'action': 'project_id', 'label': 'd41be894-44a3-4694-ae2e-26bc97b3afa4', 'context': [<snowplow_tracker.self_describing_json.SelfDescribingJson object at 0x00000275F05E5460>]}
[0m22:13:25.469324 [debug] [MainThread]: Sending event: {'category': 'dbt', 'action': 'adapter_info', 'label': 'd41be894-44a3-4694-ae2e-26bc97b3afa4', 'context': [<snowplow_tracker.self_describing_json.SelfDescribingJson object at 0x00000275EDF77C20>]}
[0m22:13:25.472358 [info ] [MainThread]: Registered adapter: postgres=1.8.2
[0m22:13:26.046628 [debug] [MainThread]: checksum: 30bd4080c2bc8dee5936f8f60083ffbe1c906859d0fd965607c2144031479456, vars: {}, profile: , target: , version: 1.8.3
[0m22:13:26.618047 [debug] [MainThread]: Partial parsing enabled: 0 files deleted, 0 files added, 0 files changed.
[0m22:13:26.619048 [debug] [MainThread]: Partial parsing enabled, no changes found, skipping parsing
[0m22:13:26.705806 [debug] [MainThread]: Sending event: {'category': 'dbt', 'action': 'load_project', 'label': 'd41be894-44a3-4694-ae2e-26bc97b3afa4', 'context': [<snowplow_tracker.self_describing_json.SelfDescribingJson object at 0x00000275F0651910>]}
[0m22:13:26.773578 [debug] [MainThread]: Sending event: {'category': 'dbt', 'action': 'resource_counts', 'label': 'd41be894-44a3-4694-ae2e-26bc97b3afa4', 'context': [<snowplow_tracker.self_describing_json.SelfDescribingJson object at 0x00000275F0B88770>]}
[0m22:13:26.774572 [info ] [MainThread]: Found 8 models, 29 data tests, 1 source, 544 macros
[0m22:13:26.775579 [debug] [MainThread]: Sending event: {'category': 'dbt', 'action': 'runnable_timing', 'label': 'd41be894-44a3-4694-ae2e-26bc97b3afa4', 'context': [<snowplow_tracker.self_describing_json.SelfDescribingJson object at 0x00000275F090AD20>]}
[0m22:13:26.781101 [info ] [MainThread]: 
[0m22:13:26.783101 [debug] [MainThread]: Acquiring new postgres connection 'master'
[0m22:13:26.791517 [debug] [ThreadPool]: Acquiring new postgres connection 'list_ecb_risk_analytics_marts'
[0m22:13:26.805753 [debug] [ThreadPool]: Acquiring new postgres connection 'list_ecb_risk_analytics_staging'
[0m22:13:26.980683 [debug] [ThreadPool]: Using postgres connection "list_ecb_risk_analytics_marts"
[0m22:13:26.980683 [debug] [ThreadPool]: Using postgres connection "list_ecb_risk_analytics_staging"
[0m22:13:26.981902 [debug] [ThreadPool]: On list_ecb_risk_analytics_marts: BEGIN
[0m22:13:26.982909 [debug] [ThreadPool]: On list_ecb_risk_analytics_staging: BEGIN
[0m22:13:26.983906 [debug] [ThreadPool]: Opening a new connection, currently in state init
[0m22:13:26.984901 [debug] [ThreadPool]: Opening a new connection, currently in state init
[0m22:13:27.052363 [debug] [ThreadPool]: SQL status: BEGIN in 0.068 seconds
[0m22:13:27.053362 [debug] [ThreadPool]: SQL status: BEGIN in 0.070 seconds
[0m22:13:27.054363 [debug] [ThreadPool]: Using postgres connection "list_ecb_risk_analytics_staging"
[0m22:13:27.055362 [debug] [ThreadPool]: Using postgres connection "list_ecb_risk_analytics_marts"
[0m22:13:27.057360 [debug] [ThreadPool]: On list_ecb_risk_analytics_staging: /* {"app": "dbt", "dbt_version": "1.8.3", "profile_name": "ecb_risk", "target_name": "dev", "connection_name": "list_ecb_risk_analytics_staging"} */
select
      'ecb_risk' as database,
      tablename as name,
      schemaname as schema,
      'table' as type
    from pg_tables
    where schemaname ilike 'analytics_staging'
    union all
    select
      'ecb_risk' as database,
      viewname as name,
      schemaname as schema,
      'view' as type
    from pg_views
    where schemaname ilike 'analytics_staging'
    union all
    select
      'ecb_risk' as database,
      matviewname as name,
      schemaname as schema,
      'materialized_view' as type
    from pg_matviews
    where schemaname ilike 'analytics_staging'
  
[0m22:13:27.058361 [debug] [ThreadPool]: On list_ecb_risk_analytics_marts: /* {"app": "dbt", "dbt_version": "1.8.3", "profile_name": "ecb_risk", "target_name": "dev", "connection_name": "list_ecb_risk_analytics_marts"} */
select
      'ecb_risk' as database,
      tablename as name,
      schemaname as schema,
      'table' as type
    from pg_tables
    where schemaname ilike 'analytics_marts'
    union all
    select
      'ecb_risk' as database,
      viewname as name,
      schemaname as schema,
      'view' as type
    from pg_views
    where schemaname ilike 'analytics_marts'
    union all
    select
      'ecb_risk' as database,
      matviewname as name,
      schemaname as schema,
      'materialized_view' as type
    from pg_matviews
    where schemaname ilike 'analytics_marts'
  
[0m22:13:27.089020 [debug] [ThreadPool]: SQL status: SELECT 5 in 0.029 seconds
[0m22:13:27.089020 [debug] [ThreadPool]: SQL status: SELECT 3 in 0.030 seconds
[0m22:13:27.093021 [debug] [ThreadPool]: On list_ecb_risk_analytics_staging: ROLLBACK
[0m22:13:27.095882 [debug] [ThreadPool]: On list_ecb_risk_analytics_marts: ROLLBACK
[0m22:13:27.098643 [debug] [ThreadPool]: On list_ecb_risk_analytics_marts: Close
[0m22:13:27.099768 [debug] [ThreadPool]: On list_ecb_risk_analytics_staging: Close
[0m22:13:27.109890 [debug] [MainThread]: Using postgres connection "master"
[0m22:13:27.109890 [debug] [MainThread]: On master: BEGIN
[0m22:13:27.109890 [debug] [MainThread]: Opening a new connection, currently in state init
[0m22:13:27.149584 [debug] [MainThread]: SQL status: BEGIN in 0.033 seconds
[0m22:13:27.150577 [debug] [MainThread]: Using postgres connection "master"
[0m22:13:27.151581 [debug] [MainThread]: On master: /* {"app": "dbt", "dbt_version": "1.8.3", "profile_name": "ecb_risk", "target_name": "dev", "connection_name": "master"} */
with relation as (
        select
            pg_rewrite.ev_class as class,
            pg_rewrite.oid as id
        from pg_rewrite
    ),
    class as (
        select
            oid as id,
            relname as name,
            relnamespace as schema,
            relkind as kind
        from pg_class
    ),
    dependency as (
        select distinct
            pg_depend.objid as id,
            pg_depend.refobjid as ref
        from pg_depend
    ),
    schema as (
        select
            pg_namespace.oid as id,
            pg_namespace.nspname as name
        from pg_namespace
        where nspname != 'information_schema' and nspname not like 'pg\_%'
    ),
    referenced as (
        select
            relation.id AS id,
            referenced_class.name ,
            referenced_class.schema ,
            referenced_class.kind
        from relation
        join class as referenced_class on relation.class=referenced_class.id
        where referenced_class.kind in ('r', 'v', 'm')
    ),
    relationships as (
        select
            referenced.name as referenced_name,
            referenced.schema as referenced_schema_id,
            dependent_class.name as dependent_name,
            dependent_class.schema as dependent_schema_id,
            referenced.kind as kind
        from referenced
        join dependency on referenced.id=dependency.id
        join class as dependent_class on dependency.ref=dependent_class.id
        where
            (referenced.name != dependent_class.name or
             referenced.schema != dependent_class.schema)
    )

    select
        referenced_schema.name as referenced_schema,
        relationships.referenced_name as referenced_name,
        dependent_schema.name as dependent_schema,
        relationships.dependent_name as dependent_name
    from relationships
    join schema as dependent_schema on relationships.dependent_schema_id=dependent_schema.id
    join schema as referenced_schema on relationships.referenced_schema_id=referenced_schema.id
    group by referenced_schema, referenced_name, dependent_schema, dependent_name
    order by referenced_schema, referenced_name, dependent_schema, dependent_name;
[0m22:13:27.167731 [debug] [MainThread]: SQL status: SELECT 10 in 0.015 seconds
[0m22:13:27.171734 [debug] [MainThread]: Sending event: {'category': 'dbt', 'action': 'runnable_timing', 'label': 'd41be894-44a3-4694-ae2e-26bc97b3afa4', 'context': [<snowplow_tracker.self_describing_json.SelfDescribingJson object at 0x00000275EC9919A0>]}
[0m22:13:27.171734 [debug] [MainThread]: On master: ROLLBACK
[0m22:13:27.175259 [debug] [MainThread]: On master: Close
[0m22:13:27.176258 [info ] [MainThread]: Concurrency: 4 threads (target='dev')
[0m22:13:27.177264 [info ] [MainThread]: 
[0m22:13:27.185791 [debug] [Thread-1 (]: Began running node model.ecb_risk.stg_calendar
[0m22:13:27.187789 [debug] [Thread-2 (]: Began running node model.ecb_risk.stg_fx_long
[0m22:13:27.189355 [debug] [Thread-3 (]: Began running node model.ecb_risk.stg_policy_rates_wide
[0m22:13:27.190482 [debug] [Thread-4 (]: Began running node test.ecb_risk.dbt_utils_source_unique_combination_of_columns_raw_observations_series_id__obs_date.e145c224fa
[0m22:13:27.191482 [debug] [Thread-1 (]: Acquiring new postgres connection 'model.ecb_risk.stg_calendar'
[0m22:13:27.192475 [debug] [Thread-2 (]: Acquiring new postgres connection 'model.ecb_risk.stg_fx_long'
[0m22:13:27.193479 [debug] [Thread-3 (]: Acquiring new postgres connection 'model.ecb_risk.stg_policy_rates_wide'
[0m22:13:27.194482 [debug] [Thread-4 (]: Acquiring new postgres connection 'test.ecb_risk.dbt_utils_source_unique_combination_of_columns_raw_observations_series_id__obs_date.e145c224fa'
[0m22:13:27.195480 [debug] [Thread-1 (]: Began compiling node model.ecb_risk.stg_calendar
[0m22:13:27.196480 [debug] [Thread-2 (]: Began compiling node model.ecb_risk.stg_fx_long
[0m22:13:27.197480 [debug] [Thread-3 (]: Began compiling node model.ecb_risk.stg_policy_rates_wide
[0m22:13:27.197480 [debug] [Thread-4 (]: Began compiling node test.ecb_risk.dbt_utils_source_unique_combination_of_columns_raw_observations_series_id__obs_date.e145c224fa
[0m22:13:27.213694 [debug] [Thread-1 (]: Writing injected SQL for node "model.ecb_risk.stg_calendar"
[0m22:13:27.219225 [debug] [Thread-2 (]: Writing injected SQL for node "model.ecb_risk.stg_fx_long"
[0m22:13:27.225883 [debug] [Thread-3 (]: Writing injected SQL for node "model.ecb_risk.stg_policy_rates_wide"
[0m22:13:27.250889 [debug] [Thread-4 (]: Writing injected SQL for node "test.ecb_risk.dbt_utils_source_unique_combination_of_columns_raw_observations_series_id__obs_date.e145c224fa"
[0m22:13:27.253897 [debug] [Thread-2 (]: Began executing node model.ecb_risk.stg_fx_long
[0m22:13:27.255544 [debug] [Thread-1 (]: Began executing node model.ecb_risk.stg_calendar
[0m22:13:27.257298 [debug] [Thread-2 (]: Finished running node model.ecb_risk.stg_fx_long
[0m22:13:27.259285 [debug] [Thread-1 (]: Finished running node model.ecb_risk.stg_calendar
[0m22:13:27.260278 [debug] [Thread-3 (]: Began executing node model.ecb_risk.stg_policy_rates_wide
[0m22:13:27.261295 [debug] [Thread-4 (]: Began executing node test.ecb_risk.dbt_utils_source_unique_combination_of_columns_raw_observations_series_id__obs_date.e145c224fa
[0m22:13:27.262292 [debug] [Thread-2 (]: Began running node test.ecb_risk.source_accepted_values_raw_observations_series_group__fx_rates__policy_rates__inflation.3d1d38cbd5
[0m22:13:27.264274 [debug] [Thread-1 (]: Began running node test.ecb_risk.source_not_null_raw_observations_obs_date.3470ddf72e
[0m22:13:27.266275 [debug] [Thread-3 (]: Finished running node model.ecb_risk.stg_policy_rates_wide
[0m22:13:27.268279 [debug] [Thread-4 (]: Finished running node test.ecb_risk.dbt_utils_source_unique_combination_of_columns_raw_observations_series_id__obs_date.e145c224fa
[0m22:13:27.269281 [debug] [Thread-2 (]: Re-using an available connection from the pool (formerly model.ecb_risk.stg_fx_long, now test.ecb_risk.source_accepted_values_raw_observations_series_group__fx_rates__policy_rates__inflation.3d1d38cbd5)
[0m22:13:27.270283 [debug] [Thread-1 (]: Re-using an available connection from the pool (formerly model.ecb_risk.stg_calendar, now test.ecb_risk.source_not_null_raw_observations_obs_date.3470ddf72e)
[0m22:13:27.272136 [debug] [Thread-3 (]: Began running node test.ecb_risk.source_not_null_raw_observations_series_group.b0663763bb
[0m22:13:27.273732 [debug] [Thread-4 (]: Began running node test.ecb_risk.source_not_null_raw_observations_series_id.34a16fc0ca
[0m22:13:27.274742 [debug] [Thread-2 (]: Began compiling node test.ecb_risk.source_accepted_values_raw_observations_series_group__fx_rates__policy_rates__inflation.3d1d38cbd5
[0m22:13:27.274742 [debug] [Thread-1 (]: Began compiling node test.ecb_risk.source_not_null_raw_observations_obs_date.3470ddf72e
[0m22:13:27.275742 [debug] [Thread-3 (]: Re-using an available connection from the pool (formerly model.ecb_risk.stg_policy_rates_wide, now test.ecb_risk.source_not_null_raw_observations_series_group.b0663763bb)
[0m22:13:27.276742 [debug] [Thread-4 (]: Re-using an available connection from the pool (formerly test.ecb_risk.dbt_utils_source_unique_combination_of_columns_raw_observations_series_id__obs_date.e145c224fa, now test.ecb_risk.source_not_null_raw_observations_series_id.34a16fc0ca)
[0m22:13:27.296235 [debug] [Thread-2 (]: Writing injected SQL for node "test.ecb_risk.source_accepted_values_raw_observations_series_group__fx_rates__policy_rates__inflation.3d1d38cbd5"
[0m22:13:27.313511 [debug] [Thread-1 (]: Writing injected SQL for node "test.ecb_risk.source_not_null_raw_observations_obs_date.3470ddf72e"
[0m22:13:27.314502 [debug] [Thread-3 (]: Began compiling node test.ecb_risk.source_not_null_raw_observations_series_group.b0663763bb
[0m22:13:27.315502 [debug] [Thread-4 (]: Began compiling node test.ecb_risk.source_not_null_raw_observations_series_id.34a16fc0ca
[0m22:13:27.324485 [debug] [Thread-3 (]: Writing injected SQL for node "test.ecb_risk.source_not_null_raw_observations_series_group.b0663763bb"
[0m22:13:27.335515 [debug] [Thread-4 (]: Writing injected SQL for node "test.ecb_risk.source_not_null_raw_observations_series_id.34a16fc0ca"
[0m22:13:27.336504 [debug] [Thread-2 (]: Began executing node test.ecb_risk.source_accepted_values_raw_observations_series_group__fx_rates__policy_rates__inflation.3d1d38cbd5
[0m22:13:27.337528 [debug] [Thread-1 (]: Began executing node test.ecb_risk.source_not_null_raw_observations_obs_date.3470ddf72e
[0m22:13:27.341520 [debug] [Thread-2 (]: Finished running node test.ecb_risk.source_accepted_values_raw_observations_series_group__fx_rates__policy_rates__inflation.3d1d38cbd5
[0m22:13:27.343521 [debug] [Thread-1 (]: Finished running node test.ecb_risk.source_not_null_raw_observations_obs_date.3470ddf72e
[0m22:13:27.344500 [debug] [Thread-2 (]: Began running node model.ecb_risk.stg_fx_wide
[0m22:13:27.345500 [debug] [Thread-3 (]: Began executing node test.ecb_risk.source_not_null_raw_observations_series_group.b0663763bb
[0m22:13:27.346507 [debug] [Thread-4 (]: Began executing node test.ecb_risk.source_not_null_raw_observations_series_id.34a16fc0ca
[0m22:13:27.347501 [debug] [Thread-1 (]: Began running node test.ecb_risk.accepted_values_stg_fx_long_series_id__EUR_USD__EUR_GBP__EUR_JPY__EUR_CHF.5042083915
[0m22:13:27.349017 [debug] [Thread-2 (]: Re-using an available connection from the pool (formerly test.ecb_risk.source_accepted_values_raw_observations_series_group__fx_rates__policy_rates__inflation.3d1d38cbd5, now model.ecb_risk.stg_fx_wide)
[0m22:13:27.351032 [debug] [Thread-3 (]: Finished running node test.ecb_risk.source_not_null_raw_observations_series_group.b0663763bb
[0m22:13:27.352031 [debug] [Thread-4 (]: Finished running node test.ecb_risk.source_not_null_raw_observations_series_id.34a16fc0ca
[0m22:13:27.353895 [debug] [Thread-1 (]: Re-using an available connection from the pool (formerly test.ecb_risk.source_not_null_raw_observations_obs_date.3470ddf72e, now test.ecb_risk.accepted_values_stg_fx_long_series_id__EUR_USD__EUR_GBP__EUR_JPY__EUR_CHF.5042083915)
[0m22:13:27.355034 [debug] [Thread-2 (]: Began compiling node model.ecb_risk.stg_fx_wide
[0m22:13:27.356248 [debug] [Thread-3 (]: Began running node test.ecb_risk.not_null_stg_fx_long_obs_date.fa626d8149
[0m22:13:27.358054 [debug] [Thread-4 (]: Began running node test.ecb_risk.not_null_stg_fx_long_rate.273e94dac6
[0m22:13:27.359768 [debug] [Thread-1 (]: Began compiling node test.ecb_risk.accepted_values_stg_fx_long_series_id__EUR_USD__EUR_GBP__EUR_JPY__EUR_CHF.5042083915
[0m22:13:27.365867 [debug] [Thread-2 (]: Writing injected SQL for node "model.ecb_risk.stg_fx_wide"
[0m22:13:27.366875 [debug] [Thread-3 (]: Re-using an available connection from the pool (formerly test.ecb_risk.source_not_null_raw_observations_series_group.b0663763bb, now test.ecb_risk.not_null_stg_fx_long_obs_date.fa626d8149)
[0m22:13:27.368987 [debug] [Thread-4 (]: Re-using an available connection from the pool (formerly test.ecb_risk.source_not_null_raw_observations_series_id.34a16fc0ca, now test.ecb_risk.not_null_stg_fx_long_rate.273e94dac6)
[0m22:13:27.382947 [debug] [Thread-1 (]: Writing injected SQL for node "test.ecb_risk.accepted_values_stg_fx_long_series_id__EUR_USD__EUR_GBP__EUR_JPY__EUR_CHF.5042083915"
[0m22:13:27.383954 [debug] [Thread-3 (]: Began compiling node test.ecb_risk.not_null_stg_fx_long_obs_date.fa626d8149
[0m22:13:27.385984 [debug] [Thread-4 (]: Began compiling node test.ecb_risk.not_null_stg_fx_long_rate.273e94dac6
[0m22:13:27.386948 [debug] [Thread-2 (]: Began executing node model.ecb_risk.stg_fx_wide
[0m22:13:27.395185 [debug] [Thread-3 (]: Writing injected SQL for node "test.ecb_risk.not_null_stg_fx_long_obs_date.fa626d8149"
[0m22:13:27.402226 [debug] [Thread-4 (]: Writing injected SQL for node "test.ecb_risk.not_null_stg_fx_long_rate.273e94dac6"
[0m22:13:27.404219 [debug] [Thread-2 (]: Finished running node model.ecb_risk.stg_fx_wide
[0m22:13:27.405651 [debug] [Thread-1 (]: Began executing node test.ecb_risk.accepted_values_stg_fx_long_series_id__EUR_USD__EUR_GBP__EUR_JPY__EUR_CHF.5042083915
[0m22:13:27.407706 [debug] [Thread-2 (]: Began running node test.ecb_risk.not_null_stg_fx_long_series_id.415673a775
[0m22:13:27.410703 [debug] [Thread-1 (]: Finished running node test.ecb_risk.accepted_values_stg_fx_long_series_id__EUR_USD__EUR_GBP__EUR_JPY__EUR_CHF.5042083915
[0m22:13:27.411707 [debug] [Thread-3 (]: Began executing node test.ecb_risk.not_null_stg_fx_long_obs_date.fa626d8149
[0m22:13:27.412706 [debug] [Thread-2 (]: Re-using an available connection from the pool (formerly model.ecb_risk.stg_fx_wide, now test.ecb_risk.not_null_stg_fx_long_series_id.415673a775)
[0m22:13:27.413735 [debug] [Thread-4 (]: Began executing node test.ecb_risk.not_null_stg_fx_long_rate.273e94dac6
[0m22:13:27.414722 [debug] [Thread-1 (]: Began running node model.ecb_risk.stg_inflation
[0m22:13:27.415734 [debug] [Thread-3 (]: Finished running node test.ecb_risk.not_null_stg_fx_long_obs_date.fa626d8149
[0m22:13:27.416734 [debug] [Thread-2 (]: Began compiling node test.ecb_risk.not_null_stg_fx_long_series_id.415673a775
[0m22:13:27.417914 [debug] [Thread-4 (]: Finished running node test.ecb_risk.not_null_stg_fx_long_rate.273e94dac6
[0m22:13:27.418915 [debug] [Thread-1 (]: Re-using an available connection from the pool (formerly test.ecb_risk.accepted_values_stg_fx_long_series_id__EUR_USD__EUR_GBP__EUR_JPY__EUR_CHF.5042083915, now model.ecb_risk.stg_inflation)
[0m22:13:27.419921 [debug] [Thread-3 (]: Began running node test.ecb_risk.not_null_stg_calendar_cal_date.2898a02949
[0m22:13:27.428061 [debug] [Thread-2 (]: Writing injected SQL for node "test.ecb_risk.not_null_stg_fx_long_series_id.415673a775"
[0m22:13:27.429062 [debug] [Thread-4 (]: Began running node test.ecb_risk.unique_stg_calendar_cal_date.fae5f55a61
[0m22:13:27.430061 [debug] [Thread-1 (]: Began compiling node model.ecb_risk.stg_inflation
[0m22:13:27.431061 [debug] [Thread-3 (]: Re-using an available connection from the pool (formerly test.ecb_risk.not_null_stg_fx_long_obs_date.fa626d8149, now test.ecb_risk.not_null_stg_calendar_cal_date.2898a02949)
[0m22:13:27.432062 [debug] [Thread-4 (]: Re-using an available connection from the pool (formerly test.ecb_risk.not_null_stg_fx_long_rate.273e94dac6, now test.ecb_risk.unique_stg_calendar_cal_date.fae5f55a61)
[0m22:13:27.439458 [debug] [Thread-1 (]: Writing injected SQL for node "model.ecb_risk.stg_inflation"
[0m22:13:27.439458 [debug] [Thread-2 (]: Began executing node test.ecb_risk.not_null_stg_fx_long_series_id.415673a775
[0m22:13:27.440622 [debug] [Thread-3 (]: Began compiling node test.ecb_risk.not_null_stg_calendar_cal_date.2898a02949
[0m22:13:27.441634 [debug] [Thread-4 (]: Began compiling node test.ecb_risk.unique_stg_calendar_cal_date.fae5f55a61
[0m22:13:27.443630 [debug] [Thread-2 (]: Finished running node test.ecb_risk.not_null_stg_fx_long_series_id.415673a775
[0m22:13:27.452218 [debug] [Thread-3 (]: Writing injected SQL for node "test.ecb_risk.not_null_stg_calendar_cal_date.2898a02949"
[0m22:13:27.464104 [debug] [Thread-4 (]: Writing injected SQL for node "test.ecb_risk.unique_stg_calendar_cal_date.fae5f55a61"
[0m22:13:27.465093 [debug] [Thread-1 (]: Began executing node model.ecb_risk.stg_inflation
[0m22:13:27.465093 [debug] [Thread-2 (]: Began running node test.ecb_risk.not_null_stg_policy_rates_wide_obs_date.2386e7f642
[0m22:13:27.468077 [debug] [Thread-1 (]: Finished running node model.ecb_risk.stg_inflation
[0m22:13:27.469092 [debug] [Thread-2 (]: Re-using an available connection from the pool (formerly test.ecb_risk.not_null_stg_fx_long_series_id.415673a775, now test.ecb_risk.not_null_stg_policy_rates_wide_obs_date.2386e7f642)
[0m22:13:27.470079 [debug] [Thread-4 (]: Began executing node test.ecb_risk.unique_stg_calendar_cal_date.fae5f55a61
[0m22:13:27.471079 [debug] [Thread-3 (]: Began executing node test.ecb_risk.not_null_stg_calendar_cal_date.2898a02949
[0m22:13:27.473289 [debug] [Thread-1 (]: Began running node test.ecb_risk.unique_stg_policy_rates_wide_obs_date.5486cd3dea
[0m22:13:27.474419 [debug] [Thread-2 (]: Began compiling node test.ecb_risk.not_null_stg_policy_rates_wide_obs_date.2386e7f642
[0m22:13:27.475431 [debug] [Thread-4 (]: Finished running node test.ecb_risk.unique_stg_calendar_cal_date.fae5f55a61
[0m22:13:27.477431 [debug] [Thread-3 (]: Finished running node test.ecb_risk.not_null_stg_calendar_cal_date.2898a02949
[0m22:13:27.478428 [debug] [Thread-1 (]: Re-using an available connection from the pool (formerly model.ecb_risk.stg_inflation, now test.ecb_risk.unique_stg_policy_rates_wide_obs_date.5486cd3dea)
[0m22:13:27.485479 [debug] [Thread-2 (]: Writing injected SQL for node "test.ecb_risk.not_null_stg_policy_rates_wide_obs_date.2386e7f642"
[0m22:13:27.487498 [debug] [Thread-4 (]: Began running node model.ecb_risk.fct_fx_returns
[0m22:13:27.488409 [debug] [Thread-3 (]: Began running node test.ecb_risk.not_null_stg_fx_wide_obs_date.dbd9eb52ef
[0m22:13:27.490179 [debug] [Thread-1 (]: Began compiling node test.ecb_risk.unique_stg_policy_rates_wide_obs_date.5486cd3dea
[0m22:13:27.491723 [debug] [Thread-4 (]: Re-using an available connection from the pool (formerly test.ecb_risk.unique_stg_calendar_cal_date.fae5f55a61, now model.ecb_risk.fct_fx_returns)
[0m22:13:27.492745 [debug] [Thread-3 (]: Re-using an available connection from the pool (formerly test.ecb_risk.not_null_stg_calendar_cal_date.2898a02949, now test.ecb_risk.not_null_stg_fx_wide_obs_date.dbd9eb52ef)
[0m22:13:27.502727 [debug] [Thread-1 (]: Writing injected SQL for node "test.ecb_risk.unique_stg_policy_rates_wide_obs_date.5486cd3dea"
[0m22:13:27.503733 [debug] [Thread-2 (]: Began executing node test.ecb_risk.not_null_stg_policy_rates_wide_obs_date.2386e7f642
[0m22:13:27.504728 [debug] [Thread-4 (]: Began compiling node model.ecb_risk.fct_fx_returns
[0m22:13:27.506099 [debug] [Thread-3 (]: Began compiling node test.ecb_risk.not_null_stg_fx_wide_obs_date.dbd9eb52ef
[0m22:13:27.508217 [debug] [Thread-2 (]: Finished running node test.ecb_risk.not_null_stg_policy_rates_wide_obs_date.2386e7f642
[0m22:13:27.513215 [debug] [Thread-4 (]: Writing injected SQL for node "model.ecb_risk.fct_fx_returns"
[0m22:13:27.520226 [debug] [Thread-1 (]: Began executing node test.ecb_risk.unique_stg_policy_rates_wide_obs_date.5486cd3dea
[0m22:13:27.525483 [debug] [Thread-3 (]: Writing injected SQL for node "test.ecb_risk.not_null_stg_fx_wide_obs_date.dbd9eb52ef"
[0m22:13:27.526490 [debug] [Thread-2 (]: Began running node test.ecb_risk.unique_stg_fx_wide_obs_date.6190e5ffa9
[0m22:13:27.528486 [debug] [Thread-1 (]: Finished running node test.ecb_risk.unique_stg_policy_rates_wide_obs_date.5486cd3dea
[0m22:13:27.530489 [debug] [Thread-2 (]: Re-using an available connection from the pool (formerly test.ecb_risk.not_null_stg_policy_rates_wide_obs_date.2386e7f642, now test.ecb_risk.unique_stg_fx_wide_obs_date.6190e5ffa9)
[0m22:13:27.531485 [debug] [Thread-4 (]: Began executing node model.ecb_risk.fct_fx_returns
[0m22:13:27.532486 [debug] [Thread-1 (]: Began running node model.ecb_risk.fct_macro_snapshot
[0m22:13:27.533485 [debug] [Thread-3 (]: Began executing node test.ecb_risk.not_null_stg_fx_wide_obs_date.dbd9eb52ef
[0m22:13:27.534495 [debug] [Thread-2 (]: Began compiling node test.ecb_risk.unique_stg_fx_wide_obs_date.6190e5ffa9
[0m22:13:27.536496 [debug] [Thread-4 (]: Finished running node model.ecb_risk.fct_fx_returns
[0m22:13:27.537497 [debug] [Thread-1 (]: Re-using an available connection from the pool (formerly test.ecb_risk.unique_stg_policy_rates_wide_obs_date.5486cd3dea, now model.ecb_risk.fct_macro_snapshot)
[0m22:13:27.539511 [debug] [Thread-3 (]: Finished running node test.ecb_risk.not_null_stg_fx_wide_obs_date.dbd9eb52ef
[0m22:13:27.547608 [debug] [Thread-2 (]: Writing injected SQL for node "test.ecb_risk.unique_stg_fx_wide_obs_date.6190e5ffa9"
[0m22:13:27.547608 [debug] [Thread-4 (]: Began running node test.ecb_risk.not_null_stg_inflation_obs_date.3d8582eb22
[0m22:13:27.550138 [debug] [Thread-1 (]: Began compiling node model.ecb_risk.fct_macro_snapshot
[0m22:13:27.551140 [debug] [Thread-3 (]: Began running node test.ecb_risk.unique_stg_inflation_obs_date.1b9a3e7016
[0m22:13:27.552133 [debug] [Thread-4 (]: Re-using an available connection from the pool (formerly model.ecb_risk.fct_fx_returns, now test.ecb_risk.not_null_stg_inflation_obs_date.3d8582eb22)
[0m22:13:27.559918 [debug] [Thread-1 (]: Writing injected SQL for node "model.ecb_risk.fct_macro_snapshot"
[0m22:13:27.560906 [debug] [Thread-3 (]: Re-using an available connection from the pool (formerly test.ecb_risk.not_null_stg_fx_wide_obs_date.dbd9eb52ef, now test.ecb_risk.unique_stg_inflation_obs_date.1b9a3e7016)
[0m22:13:27.561916 [debug] [Thread-2 (]: Began executing node test.ecb_risk.unique_stg_fx_wide_obs_date.6190e5ffa9
[0m22:13:27.562907 [debug] [Thread-4 (]: Began compiling node test.ecb_risk.not_null_stg_inflation_obs_date.3d8582eb22
[0m22:13:27.563906 [debug] [Thread-3 (]: Began compiling node test.ecb_risk.unique_stg_inflation_obs_date.1b9a3e7016
[0m22:13:27.565906 [debug] [Thread-2 (]: Finished running node test.ecb_risk.unique_stg_fx_wide_obs_date.6190e5ffa9
[0m22:13:27.574932 [debug] [Thread-4 (]: Writing injected SQL for node "test.ecb_risk.not_null_stg_inflation_obs_date.3d8582eb22"
[0m22:13:27.574932 [debug] [Thread-1 (]: Began executing node model.ecb_risk.fct_macro_snapshot
[0m22:13:27.582426 [debug] [Thread-3 (]: Writing injected SQL for node "test.ecb_risk.unique_stg_inflation_obs_date.1b9a3e7016"
[0m22:13:27.583439 [debug] [Thread-2 (]: Began running node model.ecb_risk.fct_fx_volatility
[0m22:13:27.585450 [debug] [Thread-1 (]: Finished running node model.ecb_risk.fct_macro_snapshot
[0m22:13:27.587441 [debug] [Thread-2 (]: Re-using an available connection from the pool (formerly test.ecb_risk.unique_stg_fx_wide_obs_date.6190e5ffa9, now model.ecb_risk.fct_fx_volatility)
[0m22:13:27.588767 [debug] [Thread-4 (]: Began executing node test.ecb_risk.not_null_stg_inflation_obs_date.3d8582eb22
[0m22:13:27.589304 [debug] [Thread-1 (]: Began running node test.ecb_risk.accepted_values_fct_fx_returns_pair__EUR_USD__EUR_GBP__EUR_JPY__EUR_CHF.5d3e7ed43c
[0m22:13:27.591424 [debug] [Thread-3 (]: Began executing node test.ecb_risk.unique_stg_inflation_obs_date.1b9a3e7016
[0m22:13:27.592428 [debug] [Thread-2 (]: Began compiling node model.ecb_risk.fct_fx_volatility
[0m22:13:27.594423 [debug] [Thread-4 (]: Finished running node test.ecb_risk.not_null_stg_inflation_obs_date.3d8582eb22
[0m22:13:27.595434 [debug] [Thread-1 (]: Re-using an available connection from the pool (formerly model.ecb_risk.fct_macro_snapshot, now test.ecb_risk.accepted_values_fct_fx_returns_pair__EUR_USD__EUR_GBP__EUR_JPY__EUR_CHF.5d3e7ed43c)
[0m22:13:27.597421 [debug] [Thread-3 (]: Finished running node test.ecb_risk.unique_stg_inflation_obs_date.1b9a3e7016
[0m22:13:27.603433 [debug] [Thread-2 (]: Writing injected SQL for node "model.ecb_risk.fct_fx_volatility"
[0m22:13:27.604434 [debug] [Thread-4 (]: Began running node test.ecb_risk.dbt_utils_unique_combination_of_columns_fct_fx_returns_obs_date__pair.8eb61fb8bf
[0m22:13:27.606154 [debug] [Thread-1 (]: Began compiling node test.ecb_risk.accepted_values_fct_fx_returns_pair__EUR_USD__EUR_GBP__EUR_JPY__EUR_CHF.5d3e7ed43c
[0m22:13:27.607259 [debug] [Thread-3 (]: Began running node test.ecb_risk.not_null_fct_fx_returns_log_return.491a28b7c8
[0m22:13:27.609259 [debug] [Thread-4 (]: Re-using an available connection from the pool (formerly test.ecb_risk.not_null_stg_inflation_obs_date.3d8582eb22, now test.ecb_risk.dbt_utils_unique_combination_of_columns_fct_fx_returns_obs_date__pair.8eb61fb8bf)
[0m22:13:27.617273 [debug] [Thread-1 (]: Writing injected SQL for node "test.ecb_risk.accepted_values_fct_fx_returns_pair__EUR_USD__EUR_GBP__EUR_JPY__EUR_CHF.5d3e7ed43c"
[0m22:13:27.617787 [debug] [Thread-3 (]: Re-using an available connection from the pool (formerly test.ecb_risk.unique_stg_inflation_obs_date.1b9a3e7016, now test.ecb_risk.not_null_fct_fx_returns_log_return.491a28b7c8)
[0m22:13:27.618801 [debug] [Thread-2 (]: Began executing node model.ecb_risk.fct_fx_volatility
[0m22:13:27.619821 [debug] [Thread-4 (]: Began compiling node test.ecb_risk.dbt_utils_unique_combination_of_columns_fct_fx_returns_obs_date__pair.8eb61fb8bf
[0m22:13:27.621428 [debug] [Thread-3 (]: Began compiling node test.ecb_risk.not_null_fct_fx_returns_log_return.491a28b7c8
[0m22:13:27.624297 [debug] [Thread-2 (]: Finished running node model.ecb_risk.fct_fx_volatility
[0m22:13:27.633279 [debug] [Thread-4 (]: Writing injected SQL for node "test.ecb_risk.dbt_utils_unique_combination_of_columns_fct_fx_returns_obs_date__pair.8eb61fb8bf"
[0m22:13:27.634298 [debug] [Thread-1 (]: Began executing node test.ecb_risk.accepted_values_fct_fx_returns_pair__EUR_USD__EUR_GBP__EUR_JPY__EUR_CHF.5d3e7ed43c
[0m22:13:27.646460 [debug] [Thread-3 (]: Writing injected SQL for node "test.ecb_risk.not_null_fct_fx_returns_log_return.491a28b7c8"
[0m22:13:27.647459 [debug] [Thread-2 (]: Began running node test.ecb_risk.not_null_fct_fx_returns_obs_date.544a43a25c
[0m22:13:27.650552 [debug] [Thread-1 (]: Finished running node test.ecb_risk.accepted_values_fct_fx_returns_pair__EUR_USD__EUR_GBP__EUR_JPY__EUR_CHF.5d3e7ed43c
[0m22:13:27.651572 [debug] [Thread-4 (]: Began executing node test.ecb_risk.dbt_utils_unique_combination_of_columns_fct_fx_returns_obs_date__pair.8eb61fb8bf
[0m22:13:27.652554 [debug] [Thread-2 (]: Re-using an available connection from the pool (formerly model.ecb_risk.fct_fx_volatility, now test.ecb_risk.not_null_fct_fx_returns_obs_date.544a43a25c)
[0m22:13:27.654554 [debug] [Thread-1 (]: Began running node test.ecb_risk.not_null_fct_fx_returns_pair.a1e7caa95f
[0m22:13:27.655765 [debug] [Thread-3 (]: Began executing node test.ecb_risk.not_null_fct_fx_returns_log_return.491a28b7c8
[0m22:13:27.657328 [debug] [Thread-4 (]: Finished running node test.ecb_risk.dbt_utils_unique_combination_of_columns_fct_fx_returns_obs_date__pair.8eb61fb8bf
[0m22:13:27.658326 [debug] [Thread-2 (]: Began compiling node test.ecb_risk.not_null_fct_fx_returns_obs_date.544a43a25c
[0m22:13:27.659324 [debug] [Thread-1 (]: Re-using an available connection from the pool (formerly test.ecb_risk.accepted_values_fct_fx_returns_pair__EUR_USD__EUR_GBP__EUR_JPY__EUR_CHF.5d3e7ed43c, now test.ecb_risk.not_null_fct_fx_returns_pair.a1e7caa95f)
[0m22:13:27.660335 [debug] [Thread-3 (]: Finished running node test.ecb_risk.not_null_fct_fx_returns_log_return.491a28b7c8
[0m22:13:27.661335 [debug] [Thread-4 (]: Began running node test.ecb_risk.not_null_fct_macro_snapshot_obs_date.aa4ba4d847
[0m22:13:27.669342 [debug] [Thread-2 (]: Writing injected SQL for node "test.ecb_risk.not_null_fct_fx_returns_obs_date.544a43a25c"
[0m22:13:27.670339 [debug] [Thread-1 (]: Began compiling node test.ecb_risk.not_null_fct_fx_returns_pair.a1e7caa95f
[0m22:13:27.678764 [debug] [Thread-3 (]: Began running node test.ecb_risk.unique_fct_macro_snapshot_obs_date.949b4eae44
[0m22:13:27.680767 [debug] [Thread-4 (]: Re-using an available connection from the pool (formerly test.ecb_risk.dbt_utils_unique_combination_of_columns_fct_fx_returns_obs_date__pair.8eb61fb8bf, now test.ecb_risk.not_null_fct_macro_snapshot_obs_date.aa4ba4d847)
[0m22:13:27.689980 [debug] [Thread-1 (]: Writing injected SQL for node "test.ecb_risk.not_null_fct_fx_returns_pair.a1e7caa95f"
[0m22:13:27.691112 [debug] [Thread-3 (]: Re-using an available connection from the pool (formerly test.ecb_risk.not_null_fct_fx_returns_log_return.491a28b7c8, now test.ecb_risk.unique_fct_macro_snapshot_obs_date.949b4eae44)
[0m22:13:27.692093 [debug] [Thread-4 (]: Began compiling node test.ecb_risk.not_null_fct_macro_snapshot_obs_date.aa4ba4d847
[0m22:13:27.692093 [debug] [Thread-2 (]: Began executing node test.ecb_risk.not_null_fct_fx_returns_obs_date.544a43a25c
[0m22:13:27.694112 [debug] [Thread-3 (]: Began compiling node test.ecb_risk.unique_fct_macro_snapshot_obs_date.949b4eae44
[0m22:13:27.701111 [debug] [Thread-4 (]: Writing injected SQL for node "test.ecb_risk.not_null_fct_macro_snapshot_obs_date.aa4ba4d847"
[0m22:13:27.703124 [debug] [Thread-2 (]: Finished running node test.ecb_risk.not_null_fct_fx_returns_obs_date.544a43a25c
[0m22:13:27.704112 [debug] [Thread-1 (]: Began executing node test.ecb_risk.not_null_fct_fx_returns_pair.a1e7caa95f
[0m22:13:27.711205 [debug] [Thread-3 (]: Writing injected SQL for node "test.ecb_risk.unique_fct_macro_snapshot_obs_date.949b4eae44"
[0m22:13:27.713206 [debug] [Thread-2 (]: Began running node test.ecb_risk.accepted_values_fct_fx_volatility_pair__EUR_USD__EUR_GBP__EUR_JPY__EUR_CHF.e67eecde40
[0m22:13:27.714209 [debug] [Thread-1 (]: Finished running node test.ecb_risk.not_null_fct_fx_returns_pair.a1e7caa95f
[0m22:13:27.716176 [debug] [Thread-4 (]: Began executing node test.ecb_risk.not_null_fct_macro_snapshot_obs_date.aa4ba4d847
[0m22:13:27.717178 [debug] [Thread-2 (]: Re-using an available connection from the pool (formerly test.ecb_risk.not_null_fct_fx_returns_obs_date.544a43a25c, now test.ecb_risk.accepted_values_fct_fx_volatility_pair__EUR_USD__EUR_GBP__EUR_JPY__EUR_CHF.e67eecde40)
[0m22:13:27.718176 [debug] [Thread-1 (]: Began running node test.ecb_risk.dbt_utils_unique_combination_of_columns_fct_fx_volatility_obs_date__pair.f6ab7d559c
[0m22:13:27.720179 [debug] [Thread-4 (]: Finished running node test.ecb_risk.not_null_fct_macro_snapshot_obs_date.aa4ba4d847
[0m22:13:27.721177 [debug] [Thread-3 (]: Began executing node test.ecb_risk.unique_fct_macro_snapshot_obs_date.949b4eae44
[0m22:13:27.722614 [debug] [Thread-2 (]: Began compiling node test.ecb_risk.accepted_values_fct_fx_volatility_pair__EUR_USD__EUR_GBP__EUR_JPY__EUR_CHF.e67eecde40
[0m22:13:27.723750 [debug] [Thread-1 (]: Re-using an available connection from the pool (formerly test.ecb_risk.not_null_fct_fx_returns_pair.a1e7caa95f, now test.ecb_risk.dbt_utils_unique_combination_of_columns_fct_fx_volatility_obs_date__pair.f6ab7d559c)
[0m22:13:27.723750 [debug] [Thread-4 (]: Began running node test.ecb_risk.not_null_fct_fx_volatility_annualised_vol_21d.4cc51d96c2
[0m22:13:27.725761 [debug] [Thread-3 (]: Finished running node test.ecb_risk.unique_fct_macro_snapshot_obs_date.949b4eae44
[0m22:13:27.733761 [debug] [Thread-2 (]: Writing injected SQL for node "test.ecb_risk.accepted_values_fct_fx_volatility_pair__EUR_USD__EUR_GBP__EUR_JPY__EUR_CHF.e67eecde40"
[0m22:13:27.733761 [debug] [Thread-1 (]: Began compiling node test.ecb_risk.dbt_utils_unique_combination_of_columns_fct_fx_volatility_obs_date__pair.f6ab7d559c
[0m22:13:27.734803 [debug] [Thread-4 (]: Re-using an available connection from the pool (formerly test.ecb_risk.not_null_fct_macro_snapshot_obs_date.aa4ba4d847, now test.ecb_risk.not_null_fct_fx_volatility_annualised_vol_21d.4cc51d96c2)
[0m22:13:27.735793 [debug] [Thread-3 (]: Began running node test.ecb_risk.not_null_fct_fx_volatility_obs_date.239d368175
[0m22:13:27.744520 [debug] [Thread-1 (]: Writing injected SQL for node "test.ecb_risk.dbt_utils_unique_combination_of_columns_fct_fx_volatility_obs_date__pair.f6ab7d559c"
[0m22:13:27.745533 [debug] [Thread-4 (]: Began compiling node test.ecb_risk.not_null_fct_fx_volatility_annualised_vol_21d.4cc51d96c2
[0m22:13:27.746532 [debug] [Thread-3 (]: Re-using an available connection from the pool (formerly test.ecb_risk.unique_fct_macro_snapshot_obs_date.949b4eae44, now test.ecb_risk.not_null_fct_fx_volatility_obs_date.239d368175)
[0m22:13:27.747532 [debug] [Thread-2 (]: Began executing node test.ecb_risk.accepted_values_fct_fx_volatility_pair__EUR_USD__EUR_GBP__EUR_JPY__EUR_CHF.e67eecde40
[0m22:13:27.756514 [debug] [Thread-4 (]: Writing injected SQL for node "test.ecb_risk.not_null_fct_fx_volatility_annualised_vol_21d.4cc51d96c2"
[0m22:13:27.757656 [debug] [Thread-3 (]: Began compiling node test.ecb_risk.not_null_fct_fx_volatility_obs_date.239d368175
[0m22:13:27.759657 [debug] [Thread-2 (]: Finished running node test.ecb_risk.accepted_values_fct_fx_volatility_pair__EUR_USD__EUR_GBP__EUR_JPY__EUR_CHF.e67eecde40
[0m22:13:27.760665 [debug] [Thread-1 (]: Began executing node test.ecb_risk.dbt_utils_unique_combination_of_columns_fct_fx_volatility_obs_date__pair.f6ab7d559c
[0m22:13:27.768694 [debug] [Thread-3 (]: Writing injected SQL for node "test.ecb_risk.not_null_fct_fx_volatility_obs_date.239d368175"
[0m22:13:27.770682 [debug] [Thread-2 (]: Began running node test.ecb_risk.not_null_fct_fx_volatility_pair.6364a9d247
[0m22:13:27.772166 [debug] [Thread-4 (]: Began executing node test.ecb_risk.not_null_fct_fx_volatility_annualised_vol_21d.4cc51d96c2
[0m22:13:27.773845 [debug] [Thread-1 (]: Finished running node test.ecb_risk.dbt_utils_unique_combination_of_columns_fct_fx_volatility_obs_date__pair.f6ab7d559c
[0m22:13:27.774842 [debug] [Thread-2 (]: Re-using an available connection from the pool (formerly test.ecb_risk.accepted_values_fct_fx_volatility_pair__EUR_USD__EUR_GBP__EUR_JPY__EUR_CHF.e67eecde40, now test.ecb_risk.not_null_fct_fx_volatility_pair.6364a9d247)
[0m22:13:27.776864 [debug] [Thread-4 (]: Finished running node test.ecb_risk.not_null_fct_fx_volatility_annualised_vol_21d.4cc51d96c2
[0m22:13:27.777863 [debug] [Thread-3 (]: Began executing node test.ecb_risk.not_null_fct_fx_volatility_obs_date.239d368175
[0m22:13:27.778852 [debug] [Thread-2 (]: Began compiling node test.ecb_risk.not_null_fct_fx_volatility_pair.6364a9d247
[0m22:13:27.780876 [debug] [Thread-3 (]: Finished running node test.ecb_risk.not_null_fct_fx_volatility_obs_date.239d368175
[0m22:13:27.790919 [debug] [Thread-2 (]: Writing injected SQL for node "test.ecb_risk.not_null_fct_fx_volatility_pair.6364a9d247"
[0m22:13:27.793913 [debug] [Thread-2 (]: Began executing node test.ecb_risk.not_null_fct_fx_volatility_pair.6364a9d247
[0m22:13:27.794917 [debug] [Thread-2 (]: Finished running node test.ecb_risk.not_null_fct_fx_volatility_pair.6364a9d247
[0m22:13:27.797931 [debug] [MainThread]: Connection 'master' was properly closed.
[0m22:13:27.798935 [debug] [MainThread]: Connection 'list_ecb_risk_analytics_marts' was properly closed.
[0m22:13:27.798935 [debug] [MainThread]: Connection 'list_ecb_risk_analytics_staging' was properly closed.
[0m22:13:27.799951 [debug] [MainThread]: Connection 'test.ecb_risk.dbt_utils_unique_combination_of_columns_fct_fx_volatility_obs_date__pair.f6ab7d559c' was properly closed.
[0m22:13:27.799951 [debug] [MainThread]: Connection 'test.ecb_risk.not_null_fct_fx_volatility_pair.6364a9d247' was properly closed.
[0m22:13:27.800956 [debug] [MainThread]: Connection 'test.ecb_risk.not_null_fct_fx_volatility_obs_date.239d368175' was properly closed.
[0m22:13:27.801927 [debug] [MainThread]: Connection 'test.ecb_risk.not_null_fct_fx_volatility_annualised_vol_21d.4cc51d96c2' was properly closed.
[0m22:13:27.812740 [debug] [MainThread]: Command end result
[0m22:13:32.674916 [debug] [MainThread]: Acquiring new postgres connection 'generate_catalog'
[0m22:13:32.675922 [info ] [MainThread]: Building catalog
[0m22:13:32.694575 [debug] [ThreadPool]: Acquiring new postgres connection 'ecb_risk.information_schema'
[0m22:13:32.714346 [debug] [ThreadPool]: Using postgres connection "ecb_risk.information_schema"
[0m22:13:32.715341 [debug] [ThreadPool]: On ecb_risk.information_schema: BEGIN
[0m22:13:32.716352 [debug] [ThreadPool]: Opening a new connection, currently in state init
[0m22:13:32.765612 [debug] [ThreadPool]: SQL status: BEGIN in 0.048 seconds
[0m22:13:32.766122 [debug] [ThreadPool]: Using postgres connection "ecb_risk.information_schema"
[0m22:13:32.767129 [debug] [ThreadPool]: On ecb_risk.information_schema: /* {"app": "dbt", "dbt_version": "1.8.3", "profile_name": "ecb_risk", "target_name": "dev", "connection_name": "ecb_risk.information_schema"} */

    
    

    select
        'ecb_risk' as table_database,
        sch.nspname as table_schema,
        tbl.relname as table_name,
        case tbl.relkind
            when 'v' then 'VIEW'
            when 'm' then 'MATERIALIZED VIEW'
            else 'BASE TABLE'
        end as table_type,
        tbl_desc.description as table_comment,
        col.attname as column_name,
        col.attnum as column_index,
        pg_catalog.format_type(col.atttypid, col.atttypmod) as column_type,
        col_desc.description as column_comment,
        pg_get_userbyid(tbl.relowner) as table_owner

    from pg_catalog.pg_namespace sch
    join pg_catalog.pg_class tbl on tbl.relnamespace = sch.oid
    join pg_catalog.pg_attribute col on col.attrelid = tbl.oid
    left outer join pg_catalog.pg_description tbl_desc on (tbl_desc.objoid = tbl.oid and tbl_desc.objsubid = 0)
    left outer join pg_catalog.pg_description col_desc on (col_desc.objoid = tbl.oid and col_desc.objsubid = col.attnum)
    where ((upper(sch.nspname) = upper('analytics_staging') and
           upper(tbl.relname) = upper('stg_calendar')) or (upper(sch.nspname) = upper('analytics_marts') and
           upper(tbl.relname) = upper('fct_macro_snapshot')) or (upper(sch.nspname) = upper('analytics_marts') and
           upper(tbl.relname) = upper('fct_fx_volatility')) or (upper(sch.nspname) = upper('analytics_staging') and
           upper(tbl.relname) = upper('stg_fx_wide')) or (upper(sch.nspname) = upper('analytics_staging') and
           upper(tbl.relname) = upper('stg_policy_rates_wide')) or (upper(sch.nspname) = upper('raw') and
           upper(tbl.relname) = upper('observations')) or (upper(sch.nspname) = upper('analytics_marts') and
           upper(tbl.relname) = upper('fct_fx_returns')) or (upper(sch.nspname) = upper('analytics_staging') and
           upper(tbl.relname) = upper('stg_fx_long')) or (upper(sch.nspname) = upper('analytics_staging') and
           upper(tbl.relname) = upper('stg_inflation')))
      and not pg_is_other_temp_schema(sch.oid) -- not a temporary schema belonging to another session
      and tbl.relpersistence in ('p', 'u') -- [p]ermanent table or [u]nlogged table. Exclude [t]emporary tables
      and tbl.relkind in ('r', 'v', 'f', 'p', 'm') -- o[r]dinary table, [v]iew, [f]oreign table, [p]artitioned table, [m]aterialized view. Other values are [i]ndex, [S]equence, [c]omposite type, [t]OAST table
      and col.attnum > 0 -- negative numbers are used for system columns such as oid
      and not col.attisdropped -- column as not been dropped

    order by
        sch.nspname,
        tbl.relname,
        col.attnum
[0m22:13:32.793321 [debug] [ThreadPool]: SQL status: SELECT 38 in 0.025 seconds
[0m22:13:32.805059 [debug] [ThreadPool]: On ecb_risk.information_schema: ROLLBACK
[0m22:13:32.807756 [debug] [ThreadPool]: On ecb_risk.information_schema: Close
[0m22:13:32.893672 [info ] [MainThread]: Catalog written to F:\ecb-fx-risk-monitor\dbt\target\catalog.json
[0m22:13:32.896661 [debug] [MainThread]: Command `dbt docs generate` succeeded at 22:13:32.896661 after 8.19 seconds
[0m22:13:32.897640 [debug] [MainThread]: Connection 'generate_catalog' was properly closed.
[0m22:13:32.898661 [debug] [MainThread]: Connection 'ecb_risk.information_schema' was properly closed.
[0m22:13:32.898661 [debug] [MainThread]: Sending event: {'category': 'dbt', 'action': 'invocation', 'label': 'end', 'context': [<snowplow_tracker.self_describing_json.SelfDescribingJson object at 0x00000275EEE8EFC0>, <snowplow_tracker.self_describing_json.SelfDescribingJson object at 0x00000275F0F564B0>, <snowplow_tracker.self_describing_json.SelfDescribingJson object at 0x00000275F08C0CB0>]}
[0m22:13:32.899672 [debug] [MainThread]: Flushing usage events
[0m22:13:43.097303 [debug] [MainThread]: Sending event: {'category': 'dbt', 'action': 'invocation', 'label': 'start', 'context': [<snowplow_tracker.self_describing_json.SelfDescribingJson object at 0x00000114FBAB8230>, <snowplow_tracker.self_describing_json.SelfDescribingJson object at 0x00000114FB7E1A60>, <snowplow_tracker.self_describing_json.SelfDescribingJson object at 0x00000114FB7E0A10>]}


============================== 22:13:43.107515 | 2b52ac0a-3097-4ad8-bc77-91cd12591286 ==============================
[0m22:13:43.107515 [info ] [MainThread]: Running with dbt=1.8.3
[0m22:13:43.107515 [debug] [MainThread]: running dbt with arguments {'printer_width': '80', 'indirect_selection': 'eager', 'log_cache_events': 'False', 'write_json': 'True', 'partial_parse': 'True', 'cache_selected_only': 'False', 'warn_error': 'None', 'debug': 'False', 'fail_fast': 'False', 'log_path': 'F:\\ecb-fx-risk-monitor\\dbt\\logs', 'profiles_dir': '.', 'version_check': 'True', 'use_colors': 'True', 'use_experimental_parser': 'False', 'no_print': 'None', 'quiet': 'False', 'empty': 'None', 'log_format': 'default', 'introspect': 'True', 'static_parser': 'True', 'invocation_command': 'dbt docs serve --port 8080', 'target_path': 'None', 'warn_error_options': 'WarnErrorOptions(include=[], exclude=[])', 'send_anonymous_usage_stats': 'True'}
[0m22:13:43.452051 [debug] [MainThread]: Sending event: {'category': 'dbt', 'action': 'project_id', 'label': '2b52ac0a-3097-4ad8-bc77-91cd12591286', 'context': [<snowplow_tracker.self_describing_json.SelfDescribingJson object at 0x00000114FB177860>]}
[0m22:13:43.571961 [debug] [MainThread]: Sending event: {'category': 'dbt', 'action': 'adapter_info', 'label': '2b52ac0a-3097-4ad8-bc77-91cd12591286', 'context': [<snowplow_tracker.self_describing_json.SelfDescribingJson object at 0x00000114FD1622A0>]}
[0m22:28:23.474410 [error] [MainThread]: Encountered an error:

[0m22:28:23.538832 [error] [MainThread]: Traceback (most recent call last):
  File "F:\ecb-fx-risk-monitor\.venv\Lib\site-packages\dbt\cli\requires.py", line 138, in wrapper
    result, success = func(*args, **kwargs)
                      ^^^^^^^^^^^^^^^^^^^^^
  File "F:\ecb-fx-risk-monitor\.venv\Lib\site-packages\dbt\cli\requires.py", line 101, in wrapper
    return func(*args, **kwargs)
           ^^^^^^^^^^^^^^^^^^^^^
  File "F:\ecb-fx-risk-monitor\.venv\Lib\site-packages\dbt\cli\requires.py", line 218, in wrapper
    return func(*args, **kwargs)
           ^^^^^^^^^^^^^^^^^^^^^
  File "F:\ecb-fx-risk-monitor\.venv\Lib\site-packages\dbt\cli\requires.py", line 247, in wrapper
    return func(*args, **kwargs)
           ^^^^^^^^^^^^^^^^^^^^^
  File "F:\ecb-fx-risk-monitor\.venv\Lib\site-packages\dbt\cli\requires.py", line 294, in wrapper
    return func(*args, **kwargs)
           ^^^^^^^^^^^^^^^^^^^^^
  File "F:\ecb-fx-risk-monitor\.venv\Lib\site-packages\dbt\cli\main.py", line 303, in docs_serve
    results = task.run()
              ^^^^^^^^^^
  File "F:\ecb-fx-risk-monitor\.venv\Lib\site-packages\dbt\task\docs\serve.py", line 29, in run
    httpd.serve_forever()
  File "C:\Users\sahao\AppData\Local\Programs\Python\Python312\Lib\socketserver.py", line 235, in serve_forever
    ready = selector.select(poll_interval)
            ^^^^^^^^^^^^^^^^^^^^^^^^^^^^^^
  File "C:\Users\sahao\AppData\Local\Programs\Python\Python312\Lib\selectors.py", line 323, in select
    r, w, _ = self._select(self._readers, self._writers, [], timeout)
              ^^^^^^^^^^^^^^^^^^^^^^^^^^^^^^^^^^^^^^^^^^^^^^^^^^^^^^^
  File "C:\Users\sahao\AppData\Local\Programs\Python\Python312\Lib\selectors.py", line 314, in _select
    r, w, x = select.select(r, w, w, timeout)
              ^^^^^^^^^^^^^^^^^^^^^^^^^^^^^^^
KeyboardInterrupt

[0m22:28:23.538832 [debug] [MainThread]: Command `dbt docs serve` failed at 22:28:23.538832 after 880.71 seconds
[0m22:28:23.538832 [debug] [MainThread]: Sending event: {'category': 'dbt', 'action': 'invocation', 'label': 'end', 'context': [<snowplow_tracker.self_describing_json.SelfDescribingJson object at 0x00000114FB9BE810>, <snowplow_tracker.self_describing_json.SelfDescribingJson object at 0x00000114FD1F24E0>, <snowplow_tracker.self_describing_json.SelfDescribingJson object at 0x00000114FD1F2150>]}
[0m22:28:23.538832 [debug] [MainThread]: Flushing usage events
